[{"areaColor":[50,0,30,255],"groupId":0,"h":2560,"identify":0,"lx":0,"ly":0,"originColor":[255,255,255,255],"outRadius":0,"outX":0,"outY":0,"radius":124,"rx":1439,"ry":2156,"w":1440,"x":1314,"y":255},{"areaColor":[5,0,30,255],"groupId":0,"h":2560,"identify":1,"lx":0,"ly":0,"originColor":[255,255,255,255],"outRadius":0,"outX":0,"outY":0,"radius":160,"rx":1439,"ry":2559,"w":1440,"x":265,"y":974},{"areaColor":[135,25,30,255],"groupId":0,"h":2560,"identify":2,"lx":1160,"ly":1316,"originColor":[255,255,255,255],"outRadius":0,"outX":0,"outY":0,"radius":60,"rx":1439,"ry":2071,"w":1440,"x":1378,"y":1751},{"areaColor":[245,15,30,255],"groupId":0,"h":2560,"identify":3,"lx":1313,"ly":949,"originColor":[255,255,255,255],"outRadius":0,"outX":0,"outY":0,"radius":27,"rx":1385,"ry":1069,"w":1440,"x":1351,"y":1033},{"areaColor":[20,20,30,255],"groupId":0,"h":2560,"identify":4,"lx":1399,"ly":992,"originColor":[255,255,255,255],"outRadius":0,"outX":0,"outY":0,"radius":19,"rx":1439,"ry":1112,"w":1440,"x":1420,"y":1057},{"areaColor":[55,0,30,255],"groupId":0,"h":2560,"identify":5,"lx":286,"ly":12,"originColor":[255,255,255,255],"outRadius":0,"outX":0,"outY":0,"radius":12,"rx":355,"ry":102,"w":1440,"x":306,"y":55},{"areaColor":[210,5,30,255],"groupId":0,"h":2560,"identify":6,"lx":307,"ly":350,"originColor":[255,255,255,255],"outRadius":0,"outX":0,"outY":0,"radius":95,"rx":1311,"ry":1909,"w":1440,"x":746,"y":615},{"areaColor":[20,15,30,255],"groupId":0,"h":2560,"identify":7,"lx":387,"ly":675,"originColor":[255,248,248,255],"outRadius":0,"outX":0,"outY":0,"radius":20,"rx":442,"ry":762,"w":1440,"x":409,"y":699},{"areaColor":[215,15,30,255],"groupId":0,"h":2560,"identify":8,"lx":518,"ly":867,"originColor":[255,255,255,255],"outRadius":0,"outX":0,"outY":0,"radius":42,"rx":742,"ry":1084,"w":1440,"x":595,"y":980},{"areaColor":[105,15,30,255],"groupId":0,"h":2560,"identify":9,"lx":913,"ly":744,"originColor":[255,248,248,255],"outRadius":0,"outX":0,"outY":0,"radius":14,"rx":960,"ry":820,"w":1440,"x":945,"y":777},{"areaColor":[95,25,30,255],"groupId":0,"h":2560,"identify":10,"lx":766,"ly":1236,"originColor":[255,255,255,255],"outRadius":0,"outX":0,"outY":0,"radius":62,"rx":1036,"ry":1569,"w":1440,"x":861,"y":1442},{"areaColor":[125,25,30,255],"groupId":0,"h":2560,"identify":11,"lx":927,"ly":1302,"originColor":[255,255,255,255],"outRadius":0,"outX":0,"outY":0,"radius":38,"rx":1064,"ry":1539,"w":1440,"x":1003,"y":1468},{"areaColor":[100,25,30,255],"groupId":0,"h":2560,"identify":12,"lx":893,"ly":1258,"originColor":[255,243,243,255],"outRadius":0,"outX":0,"outY":0,"radius":6,"rx":1035,"ry":1302,"w":1440,"x":972,"y":1264},{"areaColor":[65,30,30,255],"groupId":0,"h":2560,"identify":13,"lx":370,"ly":1593,"originColor":[255,255,255,255],"outRadius":0,"outX":0,"outY":0,"radius":88,"rx":761,"ry":1906,"w":1440,"x":559,"y":1770},{"areaColor":[50,30,30,255],"groupId":0,"h":2560,"identify":14,"lx":1045,"ly":1559,"originColor":[255,255,255,255],"outRadius":0,"outX":0,"outY":0,"radius":86,"rx":1305,"ry":1846,"w":1440,"x":1198,"y":1713},{"areaColor":[35,30,30,255],"groupId":0,"h":2560,"identify":15,"lx":310,"ly":1548,"originColor":[255,255,255,255],"outRadius":0,"outX":0,"outY":0,"radius":22,"rx":439,"ry":1601,"w":1440,"x":347,"y":1573},{"areaColor":[150,10,30,255],"groupId":0,"h":2560,"identify":16,"lx":509,"ly":541,"originColor":[255,255,255,255],"outRadius":0,"outX":0,"outY":0,"radius":4,"rx":950,"ry":614,"w":1440,"x":583,"y":552},{"areaColor":[180,10,30,255],"groupId":0,"h":2560,"identify":17,"lx":846,"ly":576,"originColor":[255,255,255,255],"outRadius":0,"outX":0,"outY":0,"radius":4,"rx":948,"ry":612,"w":1440,"x":897,"y":584},{"areaColor":[55,15,30,255],"groupId":0,"h":2560,"identify":18,"lx":547,"ly":692,"originColor":[191,191,191,255],"outRadius":0,"outX":0,"outY":0,"radius":17,"rx":861,"ry":764,"w":1440,"x":564,"y":715},{"areaColor":[100,15,30,255],"groupId":0,"h":2560,"identify":19,"lx":830,"ly":724,"originColor":[151,151,151,255],"outRadius":0,"outX":0,"outY":0,"radius":13,"rx":860,"ry":763,"w":1440,"x":846,"y":741},{"areaColor":[50,15,30,255],"groupId":0,"h":2560,"identify":20,"lx":513,"ly":647,"originColor":[16,16,16,255],"outRadius":0,"outX":0,"outY":0,"radius":15,"rx":888,"ry":793,"w":1440,"x":861,"y":708},{"areaColor":[15,15,30,255],"groupId":0,"h":2560,"identify":21,"lx":514,"ly":661,"originColor":[191,191,191,255],"outRadius":0,"outX":0,"outY":0,"radius":16,"rx":611,"ry":763,"w":1440,"x":529,"y":714},{"areaColor":[10,15,30,255],"groupId":0,"h":2560,"identify":22,"lx":495,"ly":644,"originColor":[255,255,255,255],"outRadius":0,"outX":0,"outY":0,"radius":18,"rx":926,"ry":794,"w":1440,"x":629,"y":689},{"areaColor":[40,15,30,255],"groupId":0,"h":2560,"identify":23,"lx":851,"ly":689,"originColor":[255,255,255,255],"outRadius":0,"outX":0,"outY":0,"radius":13,"rx":916,"ry":792,"w":1440,"x":903,"y":736},{"areaColor":[80,5,30,255],"groupId":0,"h":2560,"identify":24,"lx":801,"ly":46,"originColor":[255,255,255,255],"outRadius":0,"outX":0,"outY":0,"radius":24,"rx":1108,"ry":391,"w":1440,"x":964,"y":308},{"areaColor":[70,5,30,255],"groupId":0,"h":2560,"identify":25,"lx":889,"ly":244,"originColor":[255,255,255,255],"outRadius":0,"outX":0,"outY":0,"radius":23,"rx":972,"ry":384,"w":1440,"x":923,"y":276},{"areaColor":[185,0,30,255],"groupId":0,"h":2560,"identify":26,"lx":804,"ly":156,"originColor":[255,255,255,255],"outRadius":0,"outX":0,"outY":0,"radius":28,"rx":971,"ry":256,"w":1440,"x":882,"y":210},{"areaColor":[170,0,30,255],"groupId":0,"h":2560,"identify":27,"lx":805,"ly":143,"originColor":[255,255,255,255],"outRadius":0,"outX":0,"outY":0,"radius":19,"rx":989,"ry":222,"w":1440,"x":906,"y":164},{"areaColor":[90,0,30,255],"groupId":0,"h":2560,"identify":28,"lx":961,"ly":52,"originColor":[255,255,255,255],"outRadius":0,"outX":0,"outY":0,"radius":21,"rx":1041,"ry":193,"w":1440,"x":997,"y":118},{"areaColor":[105,0,30,255],"groupId":0,"h":2560,"identify":29,"lx":997,"ly":63,"originColor":[255,255,255,255],"outRadius":0,"outX":0,"outY":0,"radius":22,"rx":1060,"ry":208,"w":1440,"x":1038,"y":142},{"areaColor":[20,5,30,255],"groupId":0,"h":2560,"identify":30,"lx":1010,"ly":231,"originColor":[255,255,255,255],"outRadius":0,"outX":0,"outY":0,"radius":19,"rx":1106,"ry":360,"w":1440,"x":1057,"y":255},{"areaColor":[25,5,30,255],"groupId":0,"h":2560,"identify":31,"lx":989,"ly":232,"originColor":[255,255,255,255],"outRadius":0,"outX":0,"outY":0,"radius":28,"rx":1103,"ry":363,"w":1440,"x":1018,"y":289},{"areaColor":[195,0,30,255],"groupId":0,"h":2560,"identify":32,"lx":905,"ly":134,"originColor":[255,255,255,255],"outRadius":0,"outX":0,"outY":0,"radius":18,"rx":1088,"ry":253,"w":1440,"x":1048,"y":203},{"areaColor":[165,0,30,255],"groupId":0,"h":2560,"identify":33,"lx":922,"ly":136,"originColor":[255,255,255,255],"outRadius":0,"outX":0,"outY":0,"radius":15,"rx":974,"ry":200,"w":1440,"x":949,"y":168},{"areaColor":[255,0,30,255],"groupId":0,"h":2560,"identify":34,"lx":907,"ly":223,"originColor":[255,255,255,255],"outRadius":0,"outX":0,"outY":0,"radius":13,"rx":969,"ry":251,"w":1440,"x":940,"y":237},{"areaColor":[220,0,30,255],"groupId":0,"h":2560,"identify":35,"lx":967,"ly":191,"originColor":[255,255,255,255],"outRadius":0,"outX":0,"outY":0,"radius":10,"rx":1017,"ry":247,"w":1440,"x":982,"y":203},{"areaColor":[15,5,30,255],"groupId":0,"h":2560,"identify":36,"lx":968,"ly":224,"originColor":[255,255,255,255],"outRadius":0,"outX":0,"outY":0,"radius":10,"rx":992,"ry":245,"w":1440,"x":980,"y":234},{"areaColor":[240,0,30,255],"groupId":0,"h":2560,"identify":37,"lx":992,"ly":210,"originColor":[255,255,255,255],"outRadius":0,"outX":0,"outY":0,"radius":10,"rx":1016,"ry":231,"w":1440,"x":1004,"y":220},{"areaColor":[155,0,30,255],"groupId":0,"h":2560,"identify":38,"lx":799,"ly":83,"originColor":[255,255,255,255],"outRadius":0,"outX":0,"outY":0,"radius":17,"rx":1196,"ry":449,"w":1440,"x":1106,"y":163},{"areaColor":[145,0,30,255],"groupId":0,"h":2560,"identify":39,"lx":1052,"ly":108,"originColor":[255,255,255,255],"outRadius":0,"outX":0,"outY":0,"radius":17,"rx":1127,"ry":176,"w":1440,"x":1082,"y":134},{"areaColor":[225,0,30,255],"groupId":0,"h":2560,"identify":40,"lx":1050,"ly":196,"originColor":[255,255,255,255],"outRadius":0,"outX":0,"outY":0,"radius":20,"rx":1155,"ry":245,"w":1440,"x":1093,"y":215},{"areaColor":[40,5,30,255],"groupId":0,"h":2560,"identify":41,"lx":1075,"ly":237,"originColor":[255,255,255,255],"outRadius":0,"outX":0,"outY":0,"radius":17,"rx":1167,"ry":274,"w":1440,"x":1104,"y":256},{"areaColor":[95,5,30,255],"groupId":0,"h":2560,"identify":42,"lx":1100,"ly":268,"originColor":[255,255,255,255],"outRadius":0,"outX":0,"outY":0,"radius":16,"rx":1184,"ry":321,"w":1440,"x":1135,"y":287},{"areaColor":[120,5,30,255],"groupId":0,"h":2560,"identify":43,"lx":1105,"ly":297,"originColor":[255,255,255,255],"outRadius":0,"outX":0,"outY":0,"radius":16,"rx":1189,"ry":345,"w":1440,"x":1124,"y":322},{"areaColor":[205,5,30,255],"groupId":0,"h":2560,"identify":44,"lx":1053,"ly":350,"originColor":[252,252,252,255],"outRadius":0,"outX":0,"outY":0,"radius":11,"rx":1113,"ry":440,"w":1440,"x":1091,"y":377},{"areaColor":[145,5,30,255],"groupId":0,"h":2560,"identify":45,"lx":982,"ly":314,"originColor":[255,255,255,255],"outRadius":0,"outX":0,"outY":0,"radius":20,"rx":1111,"ry":446,"w":1440,"x":1041,"y":373},{"areaColor":[35,5,30,255],"groupId":0,"h":2560,"identify":46,"lx":803,"ly":237,"originColor":[255,255,255,255],"outRadius":0,"outX":0,"outY":0,"radius":12,"rx":896,"ry":287,"w":1440,"x":865,"y":252},{"areaColor":[235,0,30,255],"groupId":0,"h":2560,"identify":47,"lx":807,"ly":207,"originColor":[224,224,224,255],"outRadius":0,"outX":0,"outY":0,"radius":9,"rx":853,"ry":243,"w":1440,"x":830,"y":228},{"areaColor":[135,0,30,255],"groupId":0,"h":2560,"identify":48,"lx":900,"ly":101,"originColor":[255,255,255,255],"outRadius":0,"outX":0,"outY":0,"radius":9,"rx":959,"ry":149,"w":1440,"x":918,"y":122},{"areaColor":[115,0,30,255],"groupId":0,"h":2560,"identify":49,"lx":905,"ly":86,"originColor":[255,255,255,255],"outRadius":0,"outX":0,"outY":0,"radius":16,"rx":993,"ry":144,"w":1440,"x":955,"y":115},{"areaColor":[130,5,30,255],"groupId":0,"h":2560,"identify":50,"lx":180,"ly":0,"originColor":[255,255,255,255],"outRadius":0,"outX":0,"outY":0,"radius":25,"rx":1189,"ry":929,"w":1440,"x":499,"y":335},{"areaColor":[235,5,30,255],"groupId":0,"h":2560,"identify":51,"lx":383,"ly":366,"originColor":[255,255,255,255],"outRadius":0,"outX":0,"outY":0,"radius":21,"rx":531,"ry":482,"w":1440,"x":421,"y":443},{"areaColor":[225,5,30,255],"groupId":0,"h":2560,"identify":52,"lx":335,"ly":362,"originColor":[242,242,242,255],"outRadius":0,"outX":0,"outY":0,"radius":18,"rx":468,"ry":519,"w":1440,"x":411,"y":501},{"areaColor":[120,10,30,255],"groupId":0,"h":2560,"identify":53,"lx":333,"ly":498,"originColor":[224,224,224,255],"outRadius":0,"outX":0,"outY":0,"radius":16,"rx":442,"ry":588,"w":1440,"x":367,"y":562},{"areaColor":[200,10,30,255],"groupId":0,"h":2560,"identify":54,"lx":319,"ly":580,"originColor":[224,224,224,255],"outRadius":0,"outX":0,"outY":0,"radius":16,"rx":469,"ry":660,"w":1440,"x":368,"y":641},{"areaColor":[160,5,30,255],"groupId":0,"h":2560,"identify":55,"lx":606,"ly":328,"originColor":[224,224,224,255],"outRadius":0,"outX":0,"outY":0,"radius":14,"rx":674,"ry":391,"w":1440,"x":623,"y":352},{"areaColor":[115,5,30,255],"groupId":0,"h":2560,"identify":56,"lx":556,"ly":297,"originColor":[224,224,224,255],"outRadius":0,"outX":0,"outY":0,"radius":13,"rx":668,"ry":392,"w":1440,"x":607,"y":310},{"areaColor":[30,5,30,255],"groupId":0,"h":2560,"identify":57,"lx":560,"ly":235,"originColor":[255,255,255,255],"outRadius":0,"outX":0,"outY":0,"radius":23,"rx":794,"ry":415,"w":1440,"x":695,"y":264},{"areaColor":[85,5,30,255],"groupId":0,"h":2560,"identify":58,"lx":786,"ly":254,"originColor":[227,227,227,255],"outRadius":0,"outX":0,"outY":0,"radius":20,"rx":870,"ry":411,"w":1440,"x":825,"y":340},{"areaColor":[150,0,30,255],"groupId":0,"h":2560,"identify":59,"lx":673,"ly":110,"originColor":[249,249,249,255],"outRadius":0,"outX":0,"outY":0,"radius":24,"rx":850,"ry":193,"w":1440,"x":774,"y":134},{"areaColor":[75,0,30,255],"groupId":0,"h":2560,"identify":60,"lx":766,"ly":25,"originColor":[255,255,255,255],"outRadius":0,"outX":0,"outY":0,"radius":28,"rx":922,"ry":143,"w":1440,"x":874,"y":65},{"areaColor":[180,5,30,255],"groupId":0,"h":2560,"identify":61,"lx":935,"ly":336,"originColor":[224,224,224,255],"outRadius":0,"outX":0,"outY":0,"radius":19,"rx":981,"ry":449,"w":1440,"x":962,"y":385},{"areaColor":[185,5,30,255],"groupId":0,"h":2560,"identify":62,"lx":809,"ly":336,"originColor":[255,255,255,255],"outRadius":0,"outX":0,"outY":0,"radius":13,"rx":1010,"ry":496,"w":1440,"x":979,"y":442},{"areaColor":[255,5,30,255],"groupId":0,"h":2560,"identify":63,"lx":929,"ly":384,"originColor":[224,224,224,255],"outRadius":0,"outX":0,"outY":0,"radius":16,"rx":1052,"ry":546,"w":1440,"x":1036,"y":417},{"areaColor":[15,10,30,255],"groupId":0,"h":2560,"identify":64,"lx":1002,"ly":413,"originColor":[224,224,224,255],"outRadius":0,"outX":0,"outY":0,"radius":15,"rx":1064,"ry":599,"w":1440,"x":1020,"y":580},{"areaColor":[240,5,30,255],"groupId":0,"h":2560,"identify":65,"lx":1061,"ly":370,"originColor":[227,227,227,255],"outRadius":0,"outX":0,"outY":0,"radius":15,"rx":1161,"ry":556,"w":1440,"x":1131,"y":410},{"areaColor":[190,5,30,255],"groupId":0,"h":2560,"identify":66,"lx":1129,"ly":339,"originColor":[255,255,255,255],"outRadius":0,"outX":0,"outY":0,"radius":10,"rx":1184,"ry":425,"w":1440,"x":1154,"y":349},{"areaColor":[100,10,30,255],"groupId":0,"h":2560,"identify":67,"lx":1013,"ly":478,"originColor":[236,236,236,255],"outRadius":0,"outX":0,"outY":0,"radius":20,"rx":1181,"ry":664,"w":1440,"x":1063,"y":644},{"areaColor":[60,15,30,255],"groupId":0,"h":2560,"identify":68,"lx":982,"ly":693,"originColor":[242,242,242,255],"outRadius":0,"outX":0,"outY":0,"radius":7,"rx":1076,"ry":787,"w":1440,"x":1002,"y":776},{"areaColor":[65,15,30,255],"groupId":0,"h":2560,"identify":69,"lx":949,"ly":696,"originColor":[246,246,246,255],"outRadius":0,"outX":0,"outY":0,"radius":16,"rx":1005,"ry":857,"w":1440,"x":989,"y":800},{"areaColor":[135,10,30,255],"groupId":0,"h":2560,"identify":70,"lx":220,"ly":508,"originColor":[242,242,242,255],"outRadius":0,"outX":0,"outY":0,"radius":31,"rx":382,"ry":819,"w":1440,"x":257,"y":561},{"areaColor":[185,15,30,255],"groupId":0,"h":2560,"identify":71,"lx":443,"ly":825,"originColor":[224,224,224,255],"outRadius":0,"outX":0,"outY":0,"radius":13,"rx":511,"ry":889,"w":1440,"x":457,"y":842},{"areaColor":[195,15,30,255],"groupId":0,"h":2560,"identify":72,"lx":406,"ly":830,"originColor":[224,224,224,255],"outRadius":0,"outX":0,"outY":0,"radius":12,"rx":513,"ry":924,"w":1440,"x":425,"y":886},{"areaColor":[30,10,30,255],"groupId":0,"h":2560,"identify":73,"lx":184,"ly":433,"originColor":[224,224,224,255],"outRadius":0,"outX":0,"outY":0,"radius":11,"rx":275,"ry":526,"w":1440,"x":245,"y":446},{"areaColor":[45,10,30,255],"groupId":0,"h":2560,"identify":74,"lx":205,"ly":452,"originColor":[224,224,224,255],"outRadius":0,"outX":0,"outY":0,"radius":17,"rx":317,"ry":597,"w":1440,"x":228,"y":514},{"areaColor":[105,5,30,255],"groupId":0,"h":2560,"identify":75,"lx":239,"ly":273,"originColor":[224,224,224,255],"outRadius":0,"outX":0,"outY":0,"radius":21,"rx":351,"ry":461,"w":1440,"x":314,"y":300},{"areaColor":[170,5,30,255],"groupId":0,"h":2560,"identify":76,"lx":301,"ly":335,"originColor":[246,246,246,255],"outRadius":0,"outX":0,"outY":0,"radius":24,"rx":401,"ry":473,"w":1440,"x":327,"y":389},{"areaColor":[10,5,30,255],"groupId":0,"h":2560,"identify":77,"lx":371,"ly":224,"originColor":[255,255,255,255],"outRadius":0,"outX":0,"outY":0,"radius":20,"rx":504,"ry":334,"w":1440,"x":401,"y":265},{"areaColor":[125,0,30,255],"groupId":0,"h":2560,"identify":78,"lx":505,"ly":99,"originColor":[255,255,255,255],"outRadius":0,"outX":0,"outY":0,"radius":22,"rx":750,"ry":200,"w":1440,"x":657,"y":127},{"areaColor":[100,0,30,255],"groupId":0,"h":2560,"identify":79,"lx":761,"ly":61,"originColor":[224,224,224,255],"outRadius":0,"outX":0,"outY":0,"radius":23,"rx":885,"ry":142,"w":1440,"x":794,"y":84},{"areaColor":[45,0,30,255],"groupId":0,"h":2560,"identify":80,"lx":725,"ly":0,"originColor":[231,231,231,255],"outRadius":0,"outX":0,"outY":0,"radius":18,"rx":834,"ry":49,"w":1440,"x":771,"y":19},{"areaColor":[30,0,30,255],"groupId":0,"h":2560,"identify":81,"lx":503,"ly":0,"originColor":[249,249,249,255],"outRadius":0,"outX":0,"outY":0,"radius":27,"rx":635,"ry":170,"w":1440,"x":531,"y":89},{"areaColor":[15,0,30,255],"groupId":0,"h":2560,"identify":82,"lx":359,"ly":0,"originColor":[236,236,236,255],"outRadius":0,"outX":0,"outY":0,"radius":26,"rx":497,"ry":159,"w":1440,"x":398,"y":38},{"areaColor":[110,0,30,255],"groupId":0,"h":2560,"identify":83,"lx":288,"ly":76,"originColor":[255,255,255,255],"outRadius":0,"outX":0,"outY":0,"radius":12,"rx":438,"ry":200,"w":1440,"x":301,"y":113},{"areaColor":[160,0,30,255],"groupId":0,"h":2560,"identify":84,"lx":264,"ly":136,"originColor":[242,242,242,255],"outRadius":0,"outX":0,"outY":0,"radius":13,"rx":388,"ry":252,"w":1440,"x":280,"y":193},{"areaColor":[250,0,30,255],"groupId":0,"h":2560,"identify":85,"lx":758,"ly":212,"originColor":[255,255,255,255],"outRadius":0,"outX":0,"outY":0,"radius":7,"rx":801,"ry":253,"w":1440,"x":789,"y":241},{"areaColor":[65,0,30,255],"groupId":0,"h":2560,"identify":86,"lx":181,"ly":0,"originColor":[255,255,255,255],"outRadius":0,"outX":0,"outY":0,"radius":7,"rx":1186,"ry":917,"w":1440,"x":283,"y":133},{"areaColor":[190,0,30,255],"groupId":0,"h":2560,"identify":87,"lx":292,"ly":164,"originColor":[255,255,255,255],"outRadius":0,"outX":0,"outY":0,"radius":18,"rx":436,"ry":234,"w":1440,"x":331,"y":208},{"areaColor":[210,0,30,255],"groupId":0,"h":2560,"identify":88,"lx":261,"ly":188,"originColor":[252,252,252,255],"outRadius":0,"outX":0,"outY":0,"radius":12,"rx":367,"ry":271,"w":1440,"x":302,"y":255},{"areaColor":[10,0,30,255],"groupId":0,"h":2560,"identify":89,"lx":314,"ly":0,"originColor":[255,255,255,255],"outRadius":0,"outX":0,"outY":0,"radius":23,"rx":500,"ry":194,"w":1440,"x":355,"y":142},{"areaColor":[20,0,30,255],"groupId":0,"h":2560,"identify":90,"lx":410,"ly":0,"originColor":[236,236,236,255],"outRadius":0,"outX":0,"outY":0,"radius":45,"rx":557,"ry":173,"w":1440,"x":455,"y":94},{"areaColor":[25,0,30,255],"groupId":0,"h":2560,"identify":91,"lx":512,"ly":0,"originColor":[224,224,224,255],"outRadius":0,"outX":0,"outY":0,"radius":7,"rx":609,"ry":59,"w":1440,"x":565,"y":8},{"areaColor":[35,0,30,255],"groupId":0,"h":2560,"identify":92,"lx":559,"ly":0,"originColor":[255,255,255,255],"outRadius":0,"outX":0,"outY":0,"radius":49,"rx":727,"ry":145,"w":1440,"x":655,"y":50},{"areaColor":[40,0,30,255],"groupId":0,"h":2560,"identify":93,"lx":707,"ly":0,"originColor":[224,224,224,255],"outRadius":0,"outX":0,"outY":0,"radius":17,"rx":763,"ry":105,"w":1440,"x":746,"y":80},{"areaColor":[85,0,30,255],"groupId":0,"h":2560,"identify":94,"lx":894,"ly":40,"originColor":[224,224,224,255],"outRadius":0,"outX":0,"outY":0,"radius":10,"rx":990,"ry":97,"w":1440,"x":934,"y":87},{"areaColor":[180,0,30,255],"groupId":0,"h":2560,"identify":95,"lx":557,"ly":149,"originColor":[224,224,224,255],"outRadius":0,"outX":0,"outY":0,"radius":22,"rx":830,"ry":238,"w":1440,"x":786,"y":196},{"areaColor":[215,0,30,255],"groupId":0,"h":2560,"identify":96,"lx":526,"ly":191,"originColor":[255,255,255,255],"outRadius":0,"outX":0,"outY":0,"radius":25,"rx":804,"ry":413,"w":1440,"x":740,"y":234},{"areaColor":[100,5,30,255],"groupId":0,"h":2560,"identify":97,"lx":544,"ly":272,"originColor":[224,224,224,255],"outRadius":0,"outX":0,"outY":0,"radius":28,"rx":787,"ry":419,"w":1440,"x":720,"y":380},{"areaColor":[140,5,30,255],"groupId":0,"h":2560,"identify":98,"lx":703,"ly":312,"originColor":[227,227,227,255],"outRadius":0,"outX":0,"outY":0,"radius":21,"rx":876,"ry":459,"w":1440,"x":827,"y":427},{"areaColor":[90,5,30,255],"groupId":0,"h":2560,"identify":99,"lx":822,"ly":256,"originColor":[224,224,224,255],"outRadius":0,"outX":0,"outY":0,"radius":26,"rx":945,"ry":451,"w":1440,"x":916,"y":425},{"areaColor":[155,5,30,255],"groupId":0,"h":2560,"identify":100,"lx":579,"ly":324,"originColor":[255,255,255,255],"outRadius":0,"outX":0,"outY":0,"radius":12,"rx":640,"ry":394,"w":1440,"x":592,"y":370},{"areaColor":[215,5,30,255],"groupId":0,"h":2560,"identify":101,"lx":403,"ly":355,"originColor":[252,252,252,255],"outRadius":0,"outX":0,"outY":0,"radius":32,"rx":601,"ry":460,"w":1440,"x":486,"y":395},{"areaColor":[55,5,30,255],"groupId":0,"h":2560,"identify":102,"lx":401,"ly":243,"originColor":[224,224,224,255],"outRadius":0,"outX":0,"outY":0,"radius":32,"rx":549,"ry":354,"w":1440,"x":497,"y":275},{"areaColor":[205,0,30,255],"groupId":0,"h":2560,"identify":103,"lx":417,"ly":183,"originColor":[255,255,255,255],"outRadius":0,"outX":0,"outY":0,"radius":27,"rx":559,"ry":243,"w":1440,"x":520,"y":213},{"areaColor":[60,5,30,255],"groupId":0,"h":2560,"identify":104,"lx":338,"ly":244,"originColor":[224,224,224,255],"outRadius":0,"outX":0,"outY":0,"radius":17,"rx":387,"ry":336,"w":1440,"x":355,"y":315},{"areaColor":[150,5,30,255],"groupId":0,"h":2560,"identify":105,"lx":268,"ly":322,"originColor":[246,246,246,255],"outRadius":0,"outX":0,"outY":0,"radius":15,"rx":335,"ry":430,"w":1440,"x":284,"y":379},{"areaColor":[70,10,30,255],"groupId":0,"h":2560,"identify":106,"lx":409,"ly":466,"originColor":[224,224,224,255],"outRadius":0,"outX":0,"outY":0,"radius":10,"rx":532,"ry":505,"w":1440,"x":499,"y":492},{"areaColor":[105,10,30,255],"groupId":0,"h":2560,"identify":107,"lx":335,"ly":480,"originColor":[236,236,236,255],"outRadius":0,"outX":0,"outY":0,"radius":19,"rx":502,"ry":560,"w":1440,"x":429,"y":541},{"areaColor":[95,10,30,255],"groupId":0,"h":2560,"identify":108,"lx":316,"ly":477,"originColor":[255,255,255,255],"outRadius":0,"outX":0,"outY":0,"radius":17,"rx":474,"ry":624,"w":1440,"x":381,"y":607},{"areaColor":[155,10,30,255],"groupId":0,"h":2560,"identify":109,"lx":277,"ly":547,"originColor":[224,224,224,255],"outRadius":0,"outX":0,"outY":0,"radius":23,"rx":336,"ry":647,"w":1440,"x":300,"y":620},{"areaColor":[250,10,30,255],"groupId":0,"h":2560,"identify":110,"lx":279,"ly":638,"originColor":[224,224,224,255],"outRadius":0,"outX":0,"outY":0,"radius":13,"rx":339,"ry":676,"w":1440,"x":311,"y":662},{"areaColor":[90,10,30,255],"groupId":0,"h":2560,"identify":111,"lx":249,"ly":475,"originColor":[224,224,224,255],"outRadius":0,"outX":0,"outY":0,"radius":14,"rx":324,"ry":518,"w":1440,"x":304,"y":490},{"areaColor":[60,10,30,255],"groupId":0,"h":2560,"identify":112,"lx":185,"ly":464,"originColor":[246,246,246,255],"outRadius":0,"outX":0,"outY":0,"radius":9,"rx":242,"ry":584,"w":1440,"x":194,"y":536},{"areaColor":[35,15,30,255],"groupId":0,"h":2560,"identify":113,"lx":340,"ly":686,"originColor":[255,254,254,255],"outRadius":0,"outX":0,"outY":0,"radius":21,"rx":403,"ry":815,"w":1440,"x":363,"y":770},{"areaColor":[160,15,30,255],"groupId":0,"h":2560,"identify":114,"lx":357,"ly":815,"originColor":[224,224,224,255],"outRadius":0,"outX":0,"outY":0,"radius":18,"rx":407,"ry":870,"w":1440,"x":386,"y":839},{"areaColor":[200,15,30,255],"groupId":0,"h":2560,"identify":115,"lx":425,"ly":837,"originColor":[255,255,255,255],"outRadius":0,"outX":0,"outY":0,"radius":11,"rx":520,"ry":912,"w":1440,"x":471,"y":894},{"areaColor":[190,15,30,255],"groupId":0,"h":2560,"identify":116,"lx":472,"ly":826,"originColor":[224,224,224,255],"outRadius":0,"outX":0,"outY":0,"radius":14,"rx":515,"ry":886,"w":1440,"x":493,"y":859},{"areaColor":[80,10,30,255],"groupId":0,"h":2560,"identify":117,"lx":999,"ly":471,"originColor":[224,224,224,255],"outRadius":0,"outX":0,"outY":0,"radius":15,"rx":1050,"ry":567,"w":1440,"x":1024,"y":535},{"areaColor":[250,5,30,255],"groupId":0,"h":2560,"identify":118,"lx":815,"ly":381,"originColor":[224,224,224,255],"outRadius":0,"outX":0,"outY":0,"radius":23,"rx":1017,"ry":544,"w":1440,"x":921,"y":520},{"areaColor":[35,10,30,255],"groupId":0,"h":2560,"identify":119,"lx":837,"ly":433,"originColor":[255,254,254,255],"outRadius":0,"outX":0,"outY":0,"radius":12,"rx":944,"ry":468,"w":1440,"x":860,"y":450},{"areaColor":[20,10,30,255],"groupId":0,"h":2560,"identify":120,"lx":1062,"ly":426,"originColor":[224,224,224,255],"outRadius":0,"outX":0,"outY":0,"radius":21,"rx":1107,"ry":543,"w":1440,"x":1085,"y":467},{"areaColor":[115,10,30,255],"groupId":0,"h":2560,"identify":121,"lx":1054,"ly":496,"originColor":[255,255,255,255],"outRadius":0,"outX":0,"outY":0,"radius":8,"rx":1160,"ry":575,"w":1440,"x":1093,"y":566},{"areaColor":[185,10,30,255],"groupId":0,"h":2560,"identify":122,"lx":1018,"ly":576,"originColor":[224,224,224,255],"outRadius":0,"outX":0,"outY":0,"radius":20,"rx":1084,"ry":623,"w":1440,"x":1059,"y":598},{"areaColor":[195,5,30,255],"groupId":0,"h":2560,"identify":123,"lx":1110,"ly":345,"originColor":[255,255,255,255],"outRadius":0,"outX":0,"outY":0,"radius":12,"rx":1181,"ry":532,"w":1440,"x":1123,"y":358},{"areaColor":[225,10,30,255],"groupId":0,"h":2560,"identify":124,"lx":972,"ly":604,"originColor":[255,255,255,255],"outRadius":0,"outX":0,"outY":0,"radius":23,"rx":1039,"ry":772,"w":1440,"x":1017,"y":723},{"areaColor":[245,10,30,255],"groupId":0,"h":2560,"identify":125,"lx":1011,"ly":627,"originColor":[255,255,255,255],"outRadius":0,"outX":0,"outY":0,"radius":12,"rx":1100,"ry":690,"w":1440,"x":1058,"y":679},{"areaColor":[75,15,30,255],"groupId":0,"h":2560,"identify":126,"lx":1028,"ly":700,"originColor":[255,255,255,255],"outRadius":0,"outX":0,"outY":0,"radius":10,"rx":1068,"ry":774,"w":1440,"x":1057,"y":749},{"areaColor":[45,15,30,255],"groupId":0,"h":2560,"identify":127,"lx":1038,"ly":691,"originColor":[255,255,255,255],"outRadius":0,"outX":0,"outY":0,"radius":6,"rx":1051,"ry":750,"w":1440,"x":1046,"y":700},{"areaColor":[205,10,30,255],"groupId":0,"h":2560,"identify":128,"lx":431,"ly":581,"originColor":[224,224,224,255],"outRadius":0,"outX":0,"outY":0,"radius":3,"rx":473,"ry":646,"w":1440,"x":458,"y":618},{"areaColor":[120,15,30,255],"groupId":0,"h":2560,"identify":129,"lx":408,"ly":757,"originColor":[255,255,255,255],"outRadius":0,"outX":0,"outY":0,"radius":17,"rx":938,"ry":855,"w":1440,"x":439,"y":777},{"areaColor":[155,15,30,255],"groupId":0,"h":2560,"identify":130,"lx":413,"ly":798,"originColor":[255,255,255,255],"outRadius":0,"outX":0,"outY":0,"radius":17,"rx":448,"ry":832,"w":1440,"x":430,"y":815},{"areaColor":[140,15,30,255],"groupId":0,"h":2560,"identify":131,"lx":453,"ly":787,"originColor":[255,255,255,255],"outRadius":0,"outX":0,"outY":0,"radius":17,"rx":488,"ry":822,"w":1440,"x":471,"y":804},{"areaColor":[175,15,30,255],"groupId":0,"h":2560,"identify":132,"lx":909,"ly":822,"originColor":[255,255,255,255],"outRadius":0,"outX":0,"outY":0,"radius":13,"rx":936,"ry":853,"w":1440,"x":923,"y":837},{"areaColor":[130,15,30,255],"groupId":0,"h":2560,"identify":133,"lx":388,"ly":767,"originColor":[255,255,255,255],"outRadius":0,"outX":0,"outY":0,"radius":11,"rx":949,"ry":891,"w":1440,"x":407,"y":784},{"areaColor":[180,15,30,255],"groupId":0,"h":2560,"identify":134,"lx":896,"ly":822,"originColor":[255,255,255,255],"outRadius":0,"outX":0,"outY":0,"radius":14,"rx":944,"ry":886,"w":1440,"x":913,"y":870},{"areaColor":[110,20,30,255],"groupId":0,"h":2560,"identify":135,"lx":506,"ly":1044,"originColor":[255,255,255,255],"outRadius":0,"outX":0,"outY":0,"radius":42,"rx":1118,"ry":1522,"w":1440,"x":555,"y":1165},{"areaColor":[60,25,30,255],"groupId":0,"h":2560,"identify":136,"lx":591,"ly":1203,"originColor":[227,227,227,255],"outRadius":0,"outX":0,"outY":0,"radius":27,"rx":730,"ry":1302,"w":1440,"x":644,"y":1251},{"areaColor":[200,20,30,255],"groupId":0,"h":2560,"identify":137,"lx":561,"ly":1183,"originColor":[255,255,255,255],"outRadius":0,"outX":0,"outY":0,"radius":16,"rx":743,"ry":1297,"w":1440,"x":616,"y":1213},{"areaColor":[70,20,30,255],"groupId":0,"h":2560,"identify":138,"lx":507,"ly":1077,"originColor":[255,255,255,255],"outRadius":0,"outX":0,"outY":0,"radius":12,"rx":746,"ry":1144,"w":1440,"x":550,"y":1089},{"areaColor":[45,20,30,255],"groupId":0,"h":2560,"identify":139,"lx":798,"ly":1049,"originColor":[255,255,255,255],"outRadius":0,"outX":0,"outY":0,"radius":15,"rx":927,"ry":1109,"w":1440,"x":834,"y":1082},{"areaColor":[75,20,30,255],"groupId":0,"h":2560,"identify":140,"lx":825,"ly":1083,"originColor":[255,255,255,255],"outRadius":0,"outX":0,"outY":0,"radius":21,"rx":964,"ry":1143,"w":1440,"x":902,"y":1108},{"areaColor":[130,20,30,255],"groupId":0,"h":2560,"identify":141,"lx":814,"ly":1139,"originColor":[255,255,255,255],"outRadius":0,"outX":0,"outY":0,"radius":12,"rx":992,"ry":1188,"w":1440,"x":925,"y":1155},{"areaColor":[120,20,30,255],"groupId":0,"h":2560,"identify":142,"lx":753,"ly":1133,"originColor":[224,224,224,255],"outRadius":0,"outX":0,"outY":0,"radius":7,"rx":816,"ry":1164,"w":1440,"x":776,"y":1150},{"areaColor":[95,20,30,255],"groupId":0,"h":2560,"identify":143,"lx":777,"ly":1103,"originColor":[255,255,255,255],"outRadius":0,"outX":0,"outY":0,"radius":3,"rx":794,"ry":1117,"w":1440,"x":781,"y":1111},{"areaColor":[195,20,30,255],"groupId":0,"h":2560,"identify":144,"lx":768,"ly":1179,"originColor":[224,224,224,255],"outRadius":0,"outX":0,"outY":0,"radius":3,"rx":783,"ry":1190,"w":1440,"x":775,"y":1186},{"areaColor":[180,20,30,255],"groupId":0,"h":2560,"identify":145,"lx":853,"ly":1163,"originColor":[224,224,224,255],"outRadius":0,"outX":0,"outY":0,"radius":21,"rx":994,"ry":1206,"w":1440,"x":962,"y":1184},{"areaColor":[15,25,30,255],"groupId":0,"h":2560,"identify":146,"lx":625,"ly":1194,"originColor":[255,255,255,255],"outRadius":0,"outX":0,"outY":0,"radius":33,"rx":774,"ry":1520,"w":1440,"x":663,"y":1453},{"areaColor":[80,25,30,255],"groupId":0,"h":2560,"identify":147,"lx":591,"ly":1206,"originColor":[255,255,255,255],"outRadius":0,"outX":0,"outY":0,"radius":8,"rx":733,"ry":1502,"w":1440,"x":639,"y":1338},{"areaColor":[210,20,30,255],"groupId":0,"h":2560,"identify":148,"lx":823,"ly":1190,"originColor":[255,255,255,255],"outRadius":0,"outX":0,"outY":0,"radius":5,"rx":901,"ry":1238,"w":1440,"x":885,"y":1232},{"areaColor":[225,20,30,255],"groupId":0,"h":2560,"identify":149,"lx":806,"ly":1192,"originColor":[255,255,255,255],"outRadius":0,"outX":0,"outY":0,"radius":3,"rx":867,"ry":1240,"w":1440,"x":860,"y":1237},{"areaColor":[45,25,30,255],"groupId":0,"h":2560,"identify":150,"lx":854,"ly":1196,"originColor":[255,255,255,255],"outRadius":0,"outX":0,"outY":0,"radius":1,"rx":916,"ry":1232,"w":1440,"x":865,"y":1202},{"areaColor":[245,20,30,255],"groupId":0,"h":2560,"identify":151,"lx":714,"ly":1193,"originColor":[255,255,255,255],"outRadius":0,"outX":0,"outY":0,"radius":9,"rx":794,"ry":1485,"w":1440,"x":728,"y":1418},{"areaColor":[180,25,30,255],"groupId":0,"h":2560,"identify":152,"lx":1053,"ly":1382,"originColor":[255,255,255,255],"outRadius":0,"outX":0,"outY":0,"radius":25,"rx":1116,"ry":1456,"w":1440,"x":1084,"y":1427},{"areaColor":[155,25,30,255],"groupId":0,"h":2560,"identify":153,"lx":1070,"ly":1352,"originColor":[255,255,255,255],"outRadius":0,"outX":0,"outY":0,"radius":7,"rx":1106,"ry":1395,"w":1440,"x":1079,"y":1367},{"areaColor":[170,25,30,255],"groupId":0,"h":2560,"identify":154,"lx":506,"ly":1066,"originColor":[255,255,255,255],"outRadius":0,"outX":0,"outY":0,"radius":3,"rx":1110,"ry":1524,"w":1440,"x":1079,"y":1383},{"areaColor":[205,20,30,255],"groupId":0,"h":2560,"identify":155,"lx":810,"ly":1189,"originColor":[255,255,255,255],"outRadius":0,"outX":0,"outY":0,"radius":2,"rx":880,"ry":1239,"w":1440,"x":848,"y":1217},{"areaColor":[50,25,30,255],"groupId":0,"h":2560,"identify":156,"lx":849,"ly":1198,"originColor":[255,255,255,255],"outRadius":0,"outX":0,"outY":0,"radius":2,"rx":910,"ry":1235,"w":1440,"x":904,"y":1232},{"areaColor":[220,20,30,255],"groupId":0,"h":2560,"identify":157,"lx":694,"ly":1192,"originColor":[255,255,255,255],"outRadius":0,"outX":0,"outY":0,"radius":8,"rx":789,"ry":1500,"w":1440,"x":704,"y":1474},{"areaColor":[35,25,30,255],"groupId":0,"h":2560,"identify":158,"lx":607,"ly":1196,"originColor":[255,255,255,255],"outRadius":0,"outX":0,"outY":0,"radius":8,"rx":752,"ry":1522,"w":1440,"x":615,"y":1499},{"areaColor":[190,20,30,255],"groupId":0,"h":2560,"identify":159,"lx":552,"ly":1172,"originColor":[255,255,255,255],"outRadius":0,"outX":0,"outY":0,"radius":6,"rx":726,"ry":1252,"w":1440,"x":602,"y":1191},{"areaColor":[80,20,30,255],"groupId":0,"h":2560,"identify":160,"lx":508,"ly":1100,"originColor":[255,255,255,255],"outRadius":0,"outX":0,"outY":0,"radius":7,"rx":747,"ry":1150,"w":1440,"x":575,"y":1106},{"areaColor":[65,20,30,255],"groupId":0,"h":2560,"identify":161,"lx":823,"ly":1068,"originColor":[255,255,255,255],"outRadius":0,"outX":0,"outY":0,"radius":6,"rx":937,"ry":1121,"w":1440,"x":878,"y":1084},{"areaColor":[115,20,30,255],"groupId":0,"h":2560,"identify":162,"lx":861,"ly":1125,"originColor":[255,255,255,255],"outRadius":0,"outX":0,"outY":0,"radius":6,"rx":974,"ry":1157,"w":1440,"x":961,"y":1130},{"areaColor":[100,20,30,255],"groupId":0,"h":2560,"identify":163,"lx":727,"ly":1104,"originColor":[255,255,255,255],"outRadius":0,"outX":0,"outY":0,"radius":19,"rx":859,"ry":1195,"w":1440,"x":803,"y":1124},{"areaColor":[105,20,30,255],"groupId":0,"h":2560,"identify":164,"lx":740,"ly":1106,"originColor":[255,255,255,255],"outRadius":0,"outX":0,"outY":0,"radius":19,"rx":779,"ry":1145,"w":1440,"x":760,"y":1125},{"areaColor":[160,20,30,255],"groupId":0,"h":2560,"identify":165,"lx":729,"ly":1152,"originColor":[255,255,255,255],"outRadius":0,"outX":0,"outY":0,"radius":20,"rx":772,"ry":1192,"w":1440,"x":750,"y":1172},{"areaColor":[155,20,30,255],"groupId":0,"h":2560,"identify":166,"lx":778,"ly":1151,"originColor":[255,255,255,255],"outRadius":0,"outX":0,"outY":0,"radius":19,"rx":817,"ry":1190,"w":1440,"x":797,"y":1170},{"areaColor":[125,20,30,255],"groupId":0,"h":2560,"identify":167,"lx":818,"ly":1133,"originColor":[255,255,255,255],"outRadius":0,"outX":0,"outY":0,"radius":19,"rx":857,"ry":1172,"w":1440,"x":838,"y":1152},{"areaColor":[15,20,30,255],"groupId":0,"h":2560,"identify":168,"lx":413,"ly":954,"originColor":[255,255,255,255],"outRadius":0,"outX":0,"outY":0,"radius":43,"rx":865,"ry":1210,"w":1440,"x":784,"y":1041},{"areaColor":[250,15,30,255],"groupId":0,"h":2560,"identify":169,"lx":417,"ly":958,"originColor":[255,255,255,255],"outRadius":0,"outX":0,"outY":0,"radius":54,"rx":746,"ry":1134,"w":1440,"x":501,"y":1030},{"areaColor":[250,20,30,255],"groupId":0,"h":2560,"identify":170,"lx":794,"ly":1193,"originColor":[224,224,224,255],"outRadius":0,"outX":0,"outY":0,"radius":5,"rx":813,"ry":1208,"w":1440,"x":802,"y":1202},{"areaColor":[90,25,30,255],"groupId":0,"h":2560,"identify":171,"lx":123,"ly":1097,"originColor":[255,255,255,255],"outRadius":0,"outX":0,"outY":0,"radius":30,"rx":1256,"ry":1477,"w":1440,"x":811,"y":1245},{"areaColor":[85,20,30,255],"groupId":0,"h":2560,"identify":172,"lx":128,"ly":1102,"originColor":[255,255,255,255],"outRadius":0,"outX":0,"outY":0,"radius":118,"rx":653,"ry":1474,"w":1440,"x":401,"y":1226},{"areaColor":[165,20,30,255],"groupId":0,"h":2560,"identify":173,"lx":885,"ly":1159,"originColor":[255,255,255,255],"outRadius":0,"outX":0,"outY":0,"radius":39,"rx":1253,"ry":1466,"w":1440,"x":1020,"y":1226},{"areaColor":[175,25,30,255],"groupId":0,"h":2560,"identify":174,"lx":169,"ly":1342,"originColor":[255,255,255,255],"outRadius":0,"outX":0,"outY":0,"radius":5,"rx":1194,"ry":1456,"w":1440,"x":188,"y":1389},{"areaColor":[160,25,30,255],"groupId":0,"h":2560,"identify":175,"lx":214,"ly":1357,"originColor":[255,255,255,255],"outRadius":0,"outX":0,"outY":0,"radius":6,"rx":306,"ry":1396,"w":1440,"x":288,"y":1383},{"areaColor":[150,25,30,255],"groupId":0,"h":2560,"identify":176,"lx":319,"ly":1345,"originColor":[255,255,255,255],"outRadius":0,"outX":0,"outY":0,"radius":5,"rx":385,"ry":1387,"w":1440,"x":380,"y":1372},{"areaColor":[145,25,30,255],"groupId":0,"h":2560,"identify":177,"lx":372,"ly":1343,"originColor":[255,255,255,255],"outRadius":0,"outX":0,"outY":0,"radius":8,"rx":533,"ry":1410,"w":1440,"x":500,"y":1381},{"areaColor":[195,25,30,255],"groupId":0,"h":2560,"identify":178,"lx":496,"ly":1394,"originColor":[255,255,255,255],"outRadius":0,"outX":0,"outY":0,"radius":5,"rx":555,"ry":1450,"w":1440,"x":549,"y":1413},{"areaColor":[225,25,30,255],"groupId":0,"h":2560,"identify":179,"lx":515,"ly":1417,"originColor":[255,255,255,255],"outRadius":0,"outX":0,"outY":0,"radius":6,"rx":528,"ry":1429,"w":1440,"x":522,"y":1423},{"areaColor":[240,25,30,255],"groupId":0,"h":2560,"identify":180,"lx":534,"ly":1434,"originColor":[255,255,255,255],"outRadius":0,"outX":0,"outY":0,"radius":4,"rx":572,"ry":1454,"w":1440,"x":562,"y":1449},{"areaColor":[220,25,30,255],"groupId":0,"h":2560,"identify":181,"lx":1131,"ly":1415,"originColor":[255,255,255,255],"outRadius":0,"outX":0,"outY":0,"radius":3,"rx":1162,"ry":1430,"w":1440,"x":1138,"y":1426},{"areaColor":[185,25,30,255],"groupId":0,"h":2560,"identify":182,"lx":1145,"ly":1384,"originColor":[255,255,255,255],"outRadius":0,"outX":0,"outY":0,"radius":4,"rx":1192,"ry":1427,"w":1440,"x":1150,"y":1397},{"areaColor":[200,25,30,255],"groupId":0,"h":2560,"identify":183,"lx":1167,"ly":1402,"originColor":[255,255,255,255],"outRadius":0,"outX":0,"outY":0,"radius":4,"rx":1177,"ry":1410,"w":1440,"x":1172,"y":1406},{"areaColor":[215,25,30,255],"groupId":0,"h":2560,"identify":184,"lx":46,"ly":1400,"originColor":[255,255,255,255],"outRadius":0,"outX":0,"outY":0,"radius":73,"rx":1420,"ry":1758,"w":1440,"x":1260,"y":1479},{"areaColor":[45,30,30,255],"groupId":0,"h":2560,"identify":185,"lx":1206,"ly":1550,"originColor":[224,224,224,255],"outRadius":0,"outX":0,"outY":0,"radius":29,"rx":1320,"ry":1620,"w":1440,"x":1263,"y":1586},{"areaColor":[210,25,30,255],"groupId":0,"h":2560,"identify":186,"lx":50,"ly":1405,"originColor":[255,255,255,255],"outRadius":0,"outX":0,"outY":0,"radius":77,"rx":676,"ry":1754,"w":1440,"x":195,"y":1499},{"areaColor":[40,30,30,255],"groupId":0,"h":2560,"identify":187,"lx":182,"ly":1550,"originColor":[224,224,224,255],"outRadius":0,"outX":0,"outY":0,"radius":44,"rx":333,"ry":1648,"w":1440,"x":277,"y":1601},{"areaColor":[20,30,30,255],"groupId":0,"h":2560,"identify":188,"lx":903,"ly":1472,"originColor":[255,255,255,255],"outRadius":0,"outX":0,"outY":0,"radius":19,"rx":945,"ry":1580,"w":1440,"x":923,"y":1516},{"areaColor":[75,30,30,255],"groupId":0,"h":2560,"identify":189,"lx":541,"ly":1508,"originColor":[255,255,255,255],"outRadius":0,"outX":0,"outY":0,"radius":15,"rx":1057,"ry":1693,"w":1440,"x":568,"y":1640},{"areaColor":[30,30,30,255],"groupId":0,"h":2560,"identify":190,"lx":857,"ly":1512,"originColor":[255,255,255,255],"outRadius":0,"outX":0,"outY":0,"radius":44,"rx":1053,"ry":1690,"w":1440,"x":927,"y":1642},{"areaColor":[165,30,30,255],"groupId":0,"h":2560,"identify":191,"lx":588,"ly":1736,"originColor":[255,255,255,255],"outRadius":0,"outX":0,"outY":0,"radius":37,"rx":1165,"ry":1880,"w":1440,"x":1111,"y":1812},{"areaColor":[200,30,30,255],"groupId":0,"h":2560,"identify":192,"lx":592,"ly":1794,"originColor":[239,239,239,255],"outRadius":0,"outX":0,"outY":0,"radius":25,"rx":813,"ry":1869,"w":1440,"x":670,"y":1838},{"areaColor":[245,30,30,255],"groupId":0,"h":2560,"identify":193,"lx":1044,"ly":1836,"originColor":[255,255,255,255],"outRadius":0,"outX":0,"outY":0,"radius":15,"rx":1160,"ry":1878,"w":1440,"x":1077,"y":1860},{"areaColor":[10,30,30,255],"groupId":0,"h":2560,"identify":194,"lx":664,"ly":1448,"originColor":[255,255,255,255],"outRadius":0,"outX":0,"outY":0,"radius":52,"rx":1145,"ry":1680,"w":1440,"x":1076,"y":1579},{"areaColor":[25,30,30,255],"groupId":0,"h":2560,"identify":195,"lx":667,"ly":1473,"originColor":[255,255,255,255],"outRadius":0,"outX":0,"outY":0,"radius":52,"rx":894,"ry":1677,"w":1440,"x":724,"y":1560},{"areaColor":[125,30,30,255],"groupId":0,"h":2560,"identify":196,"lx":674,"ly":1660,"originColor":[255,255,255,255],"outRadius":0,"outX":0,"outY":0,"radius":11,"rx":1161,"ry":2343,"w":1440,"x":924,"y":1701},{"areaColor":[115,30,30,255],"groupId":0,"h":2560,"identify":197,"lx":879,"ly":1683,"originColor":[255,255,255,255],"outRadius":0,"outX":0,"outY":0,"radius":4,"rx":894,"ry":1779,"w":1440,"x":885,"y":1688},{"areaColor":[105,30,30,255],"groupId":0,"h":2560,"identify":198,"lx":963,"ly":1678,"originColor":[255,255,255,255],"outRadius":0,"outX":0,"outY":0,"radius":12,"rx":1073,"ry":1711,"w":1440,"x":1035,"y":1689},{"areaColor":[135,30,30,255],"groupId":0,"h":2560,"identify":199,"lx":937,"ly":1694,"originColor":[255,255,255,255],"outRadius":0,"outX":0,"outY":0,"radius":3,"rx":962,"ry":1780,"w":1440,"x":959,"y":1697},{"areaColor":[150,30,30,255],"groupId":0,"h":2560,"identify":200,"lx":950,"ly":1715,"originColor":[255,255,255,255],"outRadius":0,"outX":0,"outY":0,"radius":29,"rx":1093,"ry":1783,"w":1440,"x":1055,"y":1747},{"areaColor":[180,30,30,255],"groupId":0,"h":2560,"identify":201,"lx":945,"ly":1778,"originColor":[255,255,255,255],"outRadius":0,"outX":0,"outY":0,"radius":5,"rx":1071,"ry":1814,"w":1440,"x":1060,"y":1803},{"areaColor":[195,30,30,255],"groupId":0,"h":2560,"identify":202,"lx":947,"ly":1787,"originColor":[224,224,224,255],"outRadius":0,"outX":0,"outY":0,"radius":13,"rx":1065,"ry":1824,"w":1440,"x":1013,"y":1811},{"areaColor":[170,30,30,255],"groupId":0,"h":2560,"identify":203,"lx":677,"ly":1742,"originColor":[255,255,255,255],"outRadius":0,"outX":0,"outY":0,"radius":20,"rx":888,"ry":1802,"w":1440,"x":760,"y":1762},{"areaColor":[185,30,30,255],"groupId":0,"h":2560,"identify":204,"lx":678,"ly":1783,"originColor":[224,224,224,255],"outRadius":0,"outX":0,"outY":0,"radius":19,"rx":845,"ry":1820,"w":1440,"x":720,"y":1801},{"areaColor":[95,30,30,255],"groupId":0,"h":2560,"identify":205,"lx":726,"ly":1669,"originColor":[255,255,255,255],"outRadius":0,"outX":0,"outY":0,"radius":27,"rx":888,"ry":1745,"w":1440,"x":778,"y":1702},{"areaColor":[90,30,30,255],"groupId":0,"h":2560,"identify":206,"lx":834,"ly":1663,"originColor":[255,255,255,255],"outRadius":0,"outX":0,"outY":0,"radius":9,"rx":882,"ry":1704,"w":1440,"x":853,"y":1675},{"areaColor":[45,35,30,255],"groupId":0,"h":2560,"identify":207,"lx":746,"ly":2106,"originColor":[255,255,255,255],"outRadius":0,"outX":0,"outY":0,"radius":37,"rx":858,"ry":2310,"w":1440,"x":791,"y":2205},{"areaColor":[35,35,30,255],"groupId":0,"h":2560,"identify":208,"lx":719,"ly":2093,"originColor":[255,255,255,255],"outRadius":0,"outX":0,"outY":0,"radius":10,"rx":771,"ry":2198,"w":1440,"x":733,"y":2165},{"areaColor":[60,35,30,255],"groupId":0,"h":2560,"identify":209,"lx":807,"ly":2126,"originColor":[255,255,255,255],"outRadius":0,"outX":0,"outY":0,"radius":10,"rx":892,"ry":2341,"w":1440,"x":842,"y":2267},{"areaColor":[210,30,30,255],"groupId":0,"h":2560,"identify":210,"lx":956,"ly":1806,"originColor":[255,255,255,255],"outRadius":0,"outX":0,"outY":0,"radius":13,"rx":1077,"ry":2321,"w":1440,"x":1042,"y":2201},{"areaColor":[230,30,30,255],"groupId":0,"h":2560,"identify":211,"lx":984,"ly":1818,"originColor":[255,255,255,255],"outRadius":0,"outX":0,"outY":0,"radius":34,"rx":1145,"ry":2285,"w":1440,"x":1108,"y":2196},{"areaColor":[235,30,30,255],"groupId":0,"h":2560,"identify":212,"lx":1031,"ly":1826,"originColor":[255,255,255,255],"outRadius":0,"outX":0,"outY":0,"radius":7,"rx":1159,"ry":2179,"w":1440,"x":1111,"y":2011},{"areaColor":[160,30,30,255],"groupId":0,"h":2560,"identify":213,"lx":709,"ly":1677,"originColor":[255,255,255,255],"outRadius":0,"outX":0,"outY":0,"radius":7,"rx":1156,"ry":2333,"w":1440,"x":739,"y":1734},{"areaColor":[110,30,30,255],"groupId":0,"h":2560,"identify":214,"lx":814,"ly":1679,"originColor":[255,255,255,255],"outRadius":0,"outX":0,"outY":0,"radius":4,"rx":886,"ry":1718,"w":1440,"x":836,"y":1686},{"areaColor":[120,30,30,255],"groupId":0,"h":2560,"identify":215,"lx":893,"ly":1684,"originColor":[255,255,255,255],"outRadius":0,"outX":0,"outY":0,"radius":7,"rx":911,"ry":1779,"w":1440,"x":902,"y":1696},{"areaColor":[130,30,30,255],"groupId":0,"h":2560,"identify":216,"lx":925,"ly":1693,"originColor":[255,255,255,255],"outRadius":0,"outX":0,"outY":0,"radius":7,"rx":953,"ry":1780,"w":1440,"x":945,"y":1707},{"areaColor":[140,30,30,255],"groupId":0,"h":2560,"identify":217,"lx":960,"ly":1702,"originColor":[255,255,255,255],"outRadius":0,"outX":0,"outY":0,"radius":5,"rx":1082,"ry":1723,"w":1440,"x":1014,"y":1706},{"areaColor":[175,30,30,255],"groupId":0,"h":2560,"identify":218,"lx":946,"ly":1767,"originColor":[255,255,255,255],"outRadius":0,"outX":0,"outY":0,"radius":6,"rx":1075,"ry":1798,"w":1440,"x":1044,"y":1783},{"areaColor":[240,30,30,255],"groupId":0,"h":2560,"identify":219,"lx":1022,"ly":1827,"originColor":[255,255,255,255],"outRadius":0,"outX":0,"outY":0,"radius":5,"rx":1153,"ry":2198,"w":1440,"x":1128,"y":2116},{"areaColor":[220,30,30,255],"groupId":0,"h":2560,"identify":220,"lx":970,"ly":1812,"originColor":[255,255,255,255],"outRadius":0,"outX":0,"outY":0,"radius":7,"rx":1089,"ry":2304,"w":1440,"x":1059,"y":2170},{"areaColor":[40,35,30,255],"groupId":0,"h":2560,"identify":221,"lx":733,"ly":2099,"originColor":[255,255,255,255],"outRadius":0,"outX":0,"outY":0,"radius":7,"rx":785,"ry":2217,"w":1440,"x":744,"y":2193},{"areaColor":[55,35,30,255],"groupId":0,"h":2560,"identify":222,"lx":793,"ly":2125,"originColor":[255,255,255,255],"outRadius":0,"outX":0,"outY":0,"radius":8,"rx":872,"ry":2330,"w":1440,"x":807,"y":2300},{"areaColor":[255,30,30,255],"groupId":0,"h":2560,"identify":223,"lx":0,"ly":1856,"originColor":[255,255,255,255],"outRadius":0,"outX":0,"outY":0,"radius":98,"rx":1439,"ry":2559,"w":1440,"x":1294,"y":2226},{"areaColor":[250,30,30,255],"groupId":0,"h":2560,"identify":224,"lx":0,"ly":1861,"originColor":[255,255,255,255],"outRadius":0,"outX":0,"outY":0,"radius":181,"rx":891,"ry":2559,"w":1440,"x":614,"y":2377},{"areaColor":[190,30,30,255],"groupId":0,"h":2560,"identify":225,"lx":746,"ly":1781,"originColor":[255,255,255,255],"outRadius":0,"outX":0,"outY":0,"radius":66,"rx":978,"ry":1998,"w":1440,"x":897,"y":1854},{"areaColor":[10,35,30,255],"groupId":0,"h":2560,"identify":226,"lx":682,"ly":1902,"originColor":[255,255,255,255],"outRadius":0,"outX":0,"outY":0,"radius":25,"rx":981,"ry":2126,"w":1440,"x":872,"y":1946},{"areaColor":[25,35,30,255],"groupId":0,"h":2560,"identify":227,"lx":699,"ly":1951,"originColor":[255,255,255,255],"outRadius":0,"outX":0,"outY":0,"radius":45,"rx":966,"ry":2118,"w":1440,"x":915,"y":2068},{"areaColor":[30,35,30,255],"groupId":0,"h":2560,"identify":228,"lx":790,"ly":1988,"originColor":[255,255,255,255],"outRadius":0,"outX":0,"outY":0,"radius":40,"rx":877,"ry":2070,"w":1440,"x":833,"y":2029},{"areaColor":[65,35,30,255],"groupId":0,"h":2560,"identify":229,"lx":731,"ly":2117,"originColor":[255,255,255,255],"outRadius":0,"outX":0,"outY":0,"radius":53,"rx":1439,"ry":2559,"w":1440,"x":876,"y":2394},{"areaColor":[50,35,30,255],"groupId":0,"h":2560,"identify":230,"lx":893,"ly":2119,"originColor":[255,255,255,255],"outRadius":0,"outX":0,"outY":0,"radius":20,"rx":969,"ry":2174,"w":1440,"x":916,"y":2146},{"areaColor":[90,35,30,255],"groupId":0,"h":2560,"identify":231,"lx":733,"ly":2430,"originColor":[255,255,255,255],"outRadius":0,"outX":0,"outY":0,"radius":32,"rx":844,"ry":2559,"w":1440,"x":807,"y":2501},{"areaColor":[70,35,30,255],"groupId":0,"h":2560,"identify":232,"lx":1118,"ly":2198,"originColor":[255,255,255,255],"outRadius":0,"outX":0,"outY":0,"radius":38,"rx":1439,"ry":2559,"w":1440,"x":1261,"y":2408},{"areaColor":[80,35,30,255],"groupId":0,"h":2560,"identify":233,"lx":1157,"ly":2307,"originColor":[224,224,224,255],"outRadius":0,"outX":0,"outY":0,"radius":5,"rx":1169,"ry":2336,"w":1440,"x":1163,"y":2330},{"areaColor":[75,35,30,255],"groupId":0,"h":2560,"identify":234,"lx":1069,"ly":2254,"originColor":[255,255,255,255],"outRadius":0,"outX":0,"outY":0,"radius":59,"rx":1354,"ry":2559,"w":1440,"x":1207,"y":2499},{"areaColor":[20,35,30,255],"groupId":0,"h":2560,"identify":235,"lx":817,"ly":1944,"originColor":[227,227,227,255],"outRadius":0,"outX":0,"outY":0,"radius":42,"rx":1179,"ry":2559,"w":1440,"x":1097,"y":2516},{"areaColor":[215,30,30,255],"groupId":0,"h":2560,"identify":236,"lx":38,"ly":22,"originColor":[255,255,255,255],"outRadius":0,"outX":0,"outY":0,"radius":23,"rx":1420,"ry":1945,"w":1440,"x":1362,"y":1874},{"areaColor":[125,10,30,255],"groupId":0,"h":2560,"identify":237,"lx":1227,"ly":500,"originColor":[255,255,255,255],"outRadius":0,"outX":0,"outY":0,"radius":29,"rx":1369,"ry":670,"w":1440,"x":1298,"y":583},{"areaColor":[70,0,30,255],"groupId":0,"h":2560,"identify":238,"lx":1163,"ly":24,"originColor":[255,255,255,255],"outRadius":0,"outX":0,"outY":0,"radius":23,"rx":1275,"ry":156,"w":1440,"x":1220,"y":89},{"areaColor":[175,0,30,255],"groupId":0,"h":2560,"identify":239,"lx":39,"ly":147,"originColor":[255,255,255,255],"outRadius":0,"outX":0,"outY":0,"radius":29,"rx":181,"ry":317,"w":1440,"x":110,"y":230},{"areaColor":[85,25,30,255],"groupId":0,"h":2560,"identify":240,"lx":41,"ly":1207,"originColor":[255,255,255,255],"outRadius":0,"outX":0,"outY":0,"radius":23,"rx":153,"ry":1340,"w":1440,"x":97,"y":1272},{"areaColor":[70,30,30,255],"groupId":0,"h":2560,"identify":241,"lx":290,"ly":1579,"originColor":[255,255,255,255],"outRadius":0,"outX":0,"outY":0,"radius":14,"rx":462,"ry":1732,"w":1440,"x":373,"y":1623},{"areaColor":[80,30,30,255],"groupId":0,"h":2560,"identify":242,"lx":319,"ly":1630,"originColor":[255,255,255,255],"outRadius":0,"outX":0,"outY":0,"radius":8,"rx":349,"ry":1705,"w":1440,"x":328,"y":1687},{"areaColor":[85,30,30,255],"groupId":0,"h":2560,"identify":243,"lx":352,"ly":1631,"originColor":[255,255,255,255],"outRadius":0,"outX":0,"outY":0,"radius":10,"rx":384,"ry":1728,"w":1440,"x":370,"y":1711},{"areaColor":[60,30,30,255],"groupId":0,"h":2560,"identify":244,"lx":338,"ly":1583,"originColor":[255,255,255,255],"outRadius":0,"outX":0,"outY":0,"radius":5,"rx":458,"ry":1609,"w":1440,"x":378,"y":1600},{"areaColor":[170,10,30,255],"groupId":0,"h":2560,"identify":245,"lx":0,"ly":575,"originColor":[255,255,255,255],"outRadius":0,"outX":0,"outY":0,"radius":69,"rx":239,"ry":947,"w":1440,"x":121,"y":672},{"areaColor":[70,15,30,255],"groupId":0,"h":2560,"identify":246,"lx":29,"ly":697,"originColor":[255,255,255,255],"outRadius":0,"outX":0,"outY":0,"radius":61,"rx":237,"ry":945,"w":1440,"x":105,"y":816},{"areaColor":[80,15,30,255],"groupId":0,"h":2560,"identify":247,"lx":0,"ly":701,"originColor":[255,255,255,255],"outRadius":0,"outX":0,"outY":0,"radius":7,"rx":15,"ry":747,"w":1440,"x":7,"y":709},{"areaColor":[230,10,30,255],"groupId":0,"h":2560,"identify":248,"lx":0,"ly":610,"originColor":[255,255,255,255],"outRadius":0,"outX":0,"outY":0,"radius":27,"rx":68,"ry":704,"w":1440,"x":27,"y":640},{"areaColor":[240,15,30,255],"groupId":0,"h":2560,"identify":249,"lx":940,"ly":920,"originColor":[255,255,255,255],"outRadius":0,"outX":0,"outY":0,"radius":25,"rx":1103,"ry":1170,"w":1440,"x":980,"y":978},{"areaColor":[55,20,30,255],"groupId":0,"h":2560,"identify":250,"lx":981,"ly":1060,"originColor":[255,255,255,255],"outRadius":0,"outX":0,"outY":0,"radius":21,"rx":1101,"ry":1168,"w":1440,"x":1018,"y":1083},{"areaColor":[235,15,30,255],"groupId":0,"h":2560,"identify":251,"lx":1038,"ly":919,"originColor":[255,255,255,255],"outRadius":0,"outX":0,"outY":0,"radius":54,"rx":1439,"ry":1405,"w":1440,"x":1262,"y":1002},{"areaColor":[60,20,30,255],"groupId":0,"h":2560,"identify":252,"lx":1145,"ly":1060,"originColor":[255,255,255,255],"outRadius":0,"outX":0,"outY":0,"radius":122,"rx":1439,"ry":1399,"w":1440,"x":1317,"y":1254},{"areaColor":[185,20,30,255],"groupId":0,"h":2560,"identify":253,"lx":1089,"ly":1168,"originColor":[255,255,255,255],"outRadius":0,"outX":0,"outY":0,"radius":19,"rx":1131,"ry":1263,"w":1440,"x":1108,"y":1209},{"areaColor":[175,20,30,255],"groupId":0,"h":2560,"identify":254,"lx":1102,"ly":1015,"originColor":[255,255,255,255],"outRadius":0,"outX":0,"outY":0,"radius":18,"rx":1323,"ry":1331,"w":1440,"x":1179,"y":1281},{"areaColor":[170,20,30,255],"groupId":0,"h":2560,"identify":255,"lx":1123,"ly":1159,"originColor":[255,255,255,255],"outRadius":0,"outX":0,"outY":0,"radius":18,"rx":1160,"ry":1325,"w":1440,"x":1141,"y":1285},{"areaColor":[30,20,30,255],"groupId":0,"h":2560,"identify":256,"lx":1155,"ly":1017,"originColor":[249,249,249,255],"outRadius":0,"outX":0,"outY":0,"radius":13,"rx":1322,"ry":1171,"w":1440,"x":1282,"y":1103},{"areaColor":[150,20,30,255],"groupId":0,"h":2560,"identify":257,"lx":1104,"ly":1148,"originColor":[255,255,255,255],"outRadius":0,"outX":0,"outY":0,"radius":11,"rx":1148,"ry":1180,"w":1440,"x":1128,"y":1165},{"areaColor":[10,20,30,255],"groupId":0,"h":2560,"identify":258,"lx":1063,"ly":979,"originColor":[255,255,255,255],"outRadius":0,"outX":0,"outY":0,"radius":14,"rx":1207,"ry":1053,"w":1440,"x":1191,"y":995},{"areaColor":[35,20,30,255],"groupId":0,"h":2560,"identify":259,"lx":1064,"ly":1025,"originColor":[255,255,255,255],"outRadius":0,"outX":0,"outY":0,"radius":11,"rx":1089,"ry":1050,"w":1440,"x":1077,"y":1037},{"areaColor":[40,20,30,255],"groupId":0,"h":2560,"identify":260,"lx":1076,"ly":1030,"originColor":[255,255,255,255],"outRadius":0,"outX":0,"outY":0,"radius":13,"rx":1139,"ry":1063,"w":1440,"x":1121,"y":1047},{"areaColor":[205,15,30,255],"groupId":0,"h":2560,"identify":261,"lx":1010,"ly":856,"originColor":[255,255,255,255],"outRadius":0,"outX":0,"outY":0,"radius":31,"rx":1324,"ry":1058,"w":1440,"x":1173,"y":895},{"areaColor":[125,15,30,255],"groupId":0,"h":2560,"identify":262,"lx":1003,"ly":761,"originColor":[255,255,255,255],"outRadius":0,"outX":0,"outY":0,"radius":53,"rx":1364,"ry":981,"w":1440,"x":1117,"y":820},{"areaColor":[225,15,30,255],"groupId":0,"h":2560,"identify":263,"lx":1331,"ly":899,"originColor":[255,255,255,255],"outRadius":0,"outX":0,"outY":0,"radius":39,"rx":1439,"ry":1010,"w":1440,"x":1398,"y":940},{"areaColor":[255,15,30,255],"groupId":0,"h":2560,"identify":264,"lx":1374,"ly":977,"originColor":[252,252,252,255],"outRadius":0,"outX":0,"outY":0,"radius":9,"rx":1421,"ry":1111,"w":1440,"x":1396,"y":1008}]