[{"areaColor":[5,0,30,255],"groupId":0,"h":2048,"identify":0,"lx":0,"ly":0,"originColor":[255,255,255,255],"outRadius":0,"outX":0,"outY":0,"radius":393,"rx":2047,"ry":2047,"w":2048,"x":1653,"y":394},{"areaColor":[10,0,30,255],"groupId":0,"h":2048,"identify":1,"lx":824,"ly":103,"originColor":[255,255,255,255],"outRadius":0,"outX":0,"outY":0,"radius":92,"rx":1237,"ry":412,"w":2048,"x":1024,"y":302},{"areaColor":[40,0,30,255],"groupId":0,"h":2048,"identify":2,"lx":585,"ly":416,"originColor":[255,255,255,255],"outRadius":0,"outX":0,"outY":0,"radius":62,"rx":1333,"ry":685,"w":2048,"x":677,"y":490},{"areaColor":[20,0,30,255],"groupId":0,"h":2048,"identify":3,"lx":787,"ly":370,"originColor":[255,255,255,255],"outRadius":0,"outX":0,"outY":0,"radius":23,"rx":1052,"ry":442,"w":2048,"x":940,"y":406},{"areaColor":[15,0,30,255],"groupId":0,"h":2048,"identify":4,"lx":663,"ly":363,"originColor":[255,255,255,255],"outRadius":0,"outX":0,"outY":0,"radius":30,"rx":1568,"ry":1254,"w":2048,"x":1081,"y":437},{"areaColor":[25,0,30,255],"groupId":0,"h":2048,"identify":5,"lx":667,"ly":380,"originColor":[255,255,255,255],"outRadius":0,"outX":0,"outY":0,"radius":14,"rx":784,"ry":419,"w":2048,"x":707,"y":404},{"areaColor":[45,0,30,255],"groupId":0,"h":2048,"identify":6,"lx":684,"ly":486,"originColor":[255,255,255,255],"outRadius":0,"outX":0,"outY":0,"radius":93,"rx":1208,"ry":867,"w":2048,"x":869,"y":578},{"areaColor":[105,0,30,255],"groupId":0,"h":2048,"identify":7,"lx":865,"ly":835,"originColor":[255,255,255,255],"outRadius":0,"outX":0,"outY":0,"radius":108,"rx":1285,"ry":1250,"w":2048,"x":1178,"y":1076},{"areaColor":[115,0,30,255],"groupId":0,"h":2048,"identify":8,"lx":940,"ly":847,"originColor":[255,255,255,255],"outRadius":0,"outX":0,"outY":0,"radius":9,"rx":1046,"ry":885,"w":2048,"x":968,"y":874},{"areaColor":[125,0,30,255],"groupId":0,"h":2048,"identify":9,"lx":884,"ly":871,"originColor":[255,255,255,255],"outRadius":0,"outX":0,"outY":0,"radius":7,"rx":912,"ry":887,"w":2048,"x":897,"y":878},{"areaColor":[150,0,30,255],"groupId":0,"h":2048,"identify":10,"lx":834,"ly":1022,"originColor":[255,255,255,255],"outRadius":0,"outX":0,"outY":0,"radius":32,"rx":907,"ry":1214,"w":2048,"x":867,"y":1140},{"areaColor":[100,0,30,255],"groupId":0,"h":2048,"identify":11,"lx":1210,"ly":762,"originColor":[255,255,255,255],"outRadius":0,"outX":0,"outY":0,"radius":48,"rx":1564,"ry":1241,"w":2048,"x":1455,"y":842},{"areaColor":[30,0,30,255],"groupId":0,"h":2048,"identify":12,"lx":665,"ly":393,"originColor":[255,255,255,255],"outRadius":0,"outX":0,"outY":0,"radius":27,"rx":1183,"ry":501,"w":2048,"x":1144,"y":462},{"areaColor":[35,0,30,255],"groupId":0,"h":2048,"identify":13,"lx":670,"ly":397,"originColor":[255,255,255,255],"outRadius":0,"outX":0,"outY":0,"radius":8,"rx":696,"ry":422,"w":2048,"x":680,"y":413},{"areaColor":[80,0,30,255],"groupId":0,"h":2048,"identify":14,"lx":768,"ly":589,"originColor":[187,187,187,255],"outRadius":0,"outX":0,"outY":0,"radius":19,"rx":1069,"ry":713,"w":2048,"x":792,"y":676},{"areaColor":[55,0,30,255],"groupId":0,"h":2048,"identify":15,"lx":1005,"ly":590,"originColor":[232,232,232,255],"outRadius":0,"outX":0,"outY":0,"radius":29,"rx":1067,"ry":675,"w":2048,"x":1038,"y":642},{"areaColor":[50,0,30,255],"groupId":0,"h":2048,"identify":16,"lx":743,"ly":581,"originColor":[255,255,255,255],"outRadius":0,"outX":0,"outY":0,"radius":15,"rx":1086,"ry":738,"w":2048,"x":1038,"y":693},{"areaColor":[70,0,30,255],"groupId":0,"h":2048,"identify":17,"lx":744,"ly":624,"originColor":[255,255,255,255],"outRadius":0,"outX":0,"outY":0,"radius":11,"rx":819,"ry":736,"w":2048,"x":773,"y":711},{"areaColor":[60,0,30,255],"groupId":0,"h":2048,"identify":18,"lx":710,"ly":598,"originColor":[255,255,255,255],"outRadius":0,"outX":0,"outY":0,"radius":27,"rx":1055,"ry":755,"w":2048,"x":968,"y":698},{"areaColor":[75,0,30,255],"groupId":0,"h":2048,"identify":19,"lx":711,"ly":625,"originColor":[255,255,255,255],"outRadius":0,"outX":0,"outY":0,"radius":16,"rx":814,"ry":753,"w":2048,"x":728,"y":687},{"areaColor":[95,0,30,255],"groupId":0,"h":2048,"identify":20,"lx":852,"ly":754,"originColor":[255,255,255,255],"outRadius":0,"outX":0,"outY":0,"radius":9,"rx":888,"ry":782,"w":2048,"x":872,"y":765},{"areaColor":[110,0,30,255],"groupId":0,"h":2048,"identify":21,"lx":874,"ly":834,"originColor":[255,255,255,255],"outRadius":0,"outX":0,"outY":0,"radius":7,"rx":1080,"ry":905,"w":2048,"x":974,"y":893},{"areaColor":[135,0,30,255],"groupId":0,"h":2048,"identify":22,"lx":879,"ly":878,"originColor":[255,255,255,255],"outRadius":0,"outX":0,"outY":0,"radius":5,"rx":902,"ry":903,"w":2048,"x":891,"y":894},{"areaColor":[130,0,30,255],"groupId":0,"h":2048,"identify":23,"lx":902,"ly":869,"originColor":[255,255,255,255],"outRadius":0,"outX":0,"outY":0,"radius":21,"rx":952,"ry":917,"w":2048,"x":927,"y":893},{"areaColor":[140,0,30,255],"groupId":0,"h":2048,"identify":24,"lx":634,"ly":846,"originColor":[255,255,255,255],"outRadius":0,"outX":0,"outY":0,"radius":9,"rx":1656,"ry":1586,"w":2048,"x":797,"y":914},{"areaColor":[145,0,30,255],"groupId":0,"h":2048,"identify":25,"lx":673,"ly":1003,"originColor":[255,255,255,255],"outRadius":0,"outX":0,"outY":0,"radius":25,"rx":761,"ry":1102,"w":2048,"x":721,"y":1052},{"areaColor":[155,0,30,255],"groupId":0,"h":2048,"identify":26,"lx":636,"ly":1156,"originColor":[255,255,255,255],"outRadius":0,"outX":0,"outY":0,"radius":9,"rx":667,"ry":1191,"w":2048,"x":653,"y":1173},{"areaColor":[215,0,30,255],"groupId":0,"h":2048,"identify":27,"lx":1486,"ly":1356,"originColor":[255,255,255,255],"outRadius":0,"outX":0,"outY":0,"radius":25,"rx":1574,"ry":1454,"w":2048,"x":1533,"y":1404},{"areaColor":[230,0,30,255],"groupId":0,"h":2048,"identify":28,"lx":1616,"ly":1543,"originColor":[255,255,255,255],"outRadius":0,"outX":0,"outY":0,"radius":11,"rx":1654,"ry":1583,"w":2048,"x":1636,"y":1562},{"areaColor":[120,0,30,255],"groupId":0,"h":2048,"identify":29,"lx":1238,"ly":848,"originColor":[255,255,255,255],"outRadius":0,"outX":0,"outY":0,"radius":11,"rx":1274,"ry":888,"w":2048,"x":1257,"y":867},{"areaColor":[10,5,30,255],"groupId":0,"h":2048,"identify":30,"lx":1295,"ly":1897,"originColor":[255,255,255,255],"outRadius":0,"outX":0,"outY":0,"radius":21,"rx":1420,"ry":1972,"w":2048,"x":1358,"y":1920},{"areaColor":[15,5,30,255],"groupId":0,"h":2048,"identify":31,"lx":1321,"ly":1928,"originColor":[255,255,255,255],"outRadius":0,"outX":0,"outY":0,"radius":4,"rx":1390,"ry":1945,"w":2048,"x":1332,"y":1935},{"areaColor":[20,5,30,255],"groupId":0,"h":2048,"identify":32,"lx":1373,"ly":1933,"originColor":[255,255,255,255],"outRadius":0,"outX":0,"outY":0,"radius":4,"rx":1388,"ry":1943,"w":2048,"x":1380,"y":1939},{"areaColor":[160,0,30,255],"groupId":0,"h":2048,"identify":33,"lx":471,"ly":1205,"originColor":[255,255,255,255],"outRadius":0,"outX":0,"outY":0,"radius":18,"rx":1585,"ry":1349,"w":2048,"x":1502,"y":1271},{"areaColor":[165,0,30,255],"groupId":0,"h":2048,"identify":34,"lx":472,"ly":1234,"originColor":[255,255,255,255],"outRadius":0,"outX":0,"outY":0,"radius":19,"rx":619,"ry":1347,"w":2048,"x":552,"y":1302},{"areaColor":[185,0,30,255],"groupId":0,"h":2048,"identify":35,"lx":629,"ly":1232,"originColor":[255,255,255,255],"outRadius":0,"outX":0,"outY":0,"radius":29,"rx":1505,"ry":1913,"w":2048,"x":1469,"y":1551},{"areaColor":[210,0,30,255],"groupId":0,"h":2048,"identify":36,"lx":1122,"ly":1252,"originColor":[255,255,255,255],"outRadius":0,"outX":0,"outY":0,"radius":58,"rx":1358,"ry":1900,"w":2048,"x":1252,"y":1397},{"areaColor":[200,0,30,255],"groupId":0,"h":2048,"identify":37,"lx":839,"ly":1248,"originColor":[255,255,255,255],"outRadius":0,"outX":0,"outY":0,"radius":80,"rx":1017,"ry":1734,"w":2048,"x":937,"y":1395},{"areaColor":[250,0,30,255],"groupId":0,"h":2048,"identify":38,"lx":844,"ly":1747,"originColor":[218,218,218,255],"outRadius":0,"outX":0,"outY":0,"radius":55,"rx":1019,"ry":1908,"w":2048,"x":949,"y":1852},{"areaColor":[170,0,30,255],"groupId":0,"h":2048,"identify":39,"lx":630,"ly":1236,"originColor":[255,255,255,255],"outRadius":0,"outX":0,"outY":0,"radius":25,"rx":859,"ry":1888,"w":2048,"x":654,"y":1623},{"areaColor":[190,0,30,255],"groupId":0,"h":2048,"identify":40,"lx":570,"ly":1234,"originColor":[255,255,255,255],"outRadius":0,"outX":0,"outY":0,"radius":64,"rx":1443,"ry":1914,"w":2048,"x":788,"y":1395},{"areaColor":[180,0,30,255],"groupId":0,"h":2048,"identify":41,"lx":574,"ly":1238,"originColor":[255,255,255,255],"outRadius":0,"outX":0,"outY":0,"radius":27,"rx":839,"ry":1872,"w":2048,"x":604,"y":1535},{"areaColor":[205,0,30,255],"groupId":0,"h":2048,"identify":42,"lx":1020,"ly":1249,"originColor":[255,255,255,255],"outRadius":0,"outX":0,"outY":0,"radius":84,"rx":1206,"ry":1732,"w":2048,"x":1103,"y":1393},{"areaColor":[245,0,30,255],"groupId":0,"h":2048,"identify":43,"lx":1020,"ly":1741,"originColor":[218,218,218,255],"outRadius":0,"outX":0,"outY":0,"radius":58,"rx":1202,"ry":1909,"w":2048,"x":1094,"y":1851},{"areaColor":[195,0,30,255],"groupId":0,"h":2048,"identify":44,"lx":1189,"ly":1247,"originColor":[255,255,255,255],"outRadius":0,"outX":0,"outY":0,"radius":41,"rx":1441,"ry":1886,"w":2048,"x":1401,"y":1594},{"areaColor":[220,0,30,255],"groupId":0,"h":2048,"identify":45,"lx":774,"ly":1427,"originColor":[255,255,255,255],"outRadius":0,"outX":0,"outY":0,"radius":55,"rx":1278,"ry":1569,"w":2048,"x":1193,"y":1510},{"areaColor":[225,0,30,255],"groupId":0,"h":2048,"identify":46,"lx":775,"ly":1430,"originColor":[255,255,255,255],"outRadius":0,"outX":0,"outY":0,"radius":54,"rx":941,"ry":1567,"w":2048,"x":853,"y":1513},{"areaColor":[235,0,30,255],"groupId":0,"h":2048,"identify":47,"lx":984,"ly":1565,"originColor":[255,255,255,255],"outRadius":0,"outX":0,"outY":0,"radius":21,"rx":1056,"ry":1632,"w":2048,"x":1020,"y":1588},{"areaColor":[240,0,30,255],"groupId":0,"h":2048,"identify":48,"lx":770,"ly":1646,"originColor":[255,255,255,255],"outRadius":0,"outX":0,"outY":0,"radius":34,"rx":1277,"ry":1797,"w":2048,"x":1001,"y":1739}]