[{"areaColor":[5,0,30,255],"groupId":0,"h":2048,"identify":0,"lx":0,"ly":0,"originColor":[255,255,255,255],"outRadius":0,"outX":0,"outY":0,"radius":233,"rx":2047,"ry":2047,"w":2048,"x":233,"y":473},{"areaColor":[50,15,30,255],"groupId":0,"h":2048,"identify":1,"lx":1170,"ly":1260,"originColor":[255,255,255,255],"outRadius":0,"outX":0,"outY":0,"radius":48,"rx":1346,"ry":1480,"w":2048,"x":1292,"y":1365},{"areaColor":[70,15,30,255],"groupId":0,"h":2048,"identify":2,"lx":740,"ly":1326,"originColor":[255,255,255,255],"outRadius":0,"outX":0,"outY":0,"radius":39,"rx":842,"ry":1447,"w":2048,"x":782,"y":1395},{"areaColor":[90,5,30,255],"groupId":0,"h":2048,"identify":3,"lx":1205,"ly":625,"originColor":[255,255,255,255],"outRadius":0,"outX":0,"outY":0,"radius":9,"rx":1228,"ry":675,"w":2048,"x":1218,"y":656},{"areaColor":[255,15,30,255],"groupId":0,"h":2048,"identify":4,"lx":1399,"ly":1776,"originColor":[255,255,255,255],"outRadius":0,"outX":0,"outY":0,"radius":1,"rx":1416,"ry":1792,"w":2048,"x":1415,"y":1778},{"areaColor":[165,0,30,255],"groupId":0,"h":2048,"identify":5,"lx":431,"ly":416,"originColor":[255,255,255,255],"outRadius":0,"outX":0,"outY":0,"radius":81,"rx":1296,"ry":1773,"w":2048,"x":813,"y":578},{"areaColor":[90,10,30,255],"groupId":0,"h":2048,"identify":6,"lx":589,"ly":934,"originColor":[255,255,255,255],"outRadius":0,"outX":0,"outY":0,"radius":93,"rx":1291,"ry":1770,"w":2048,"x":1061,"y":1389},{"areaColor":[180,10,30,255],"groupId":0,"h":2048,"identify":7,"lx":435,"ly":1083,"originColor":[255,255,255,255],"outRadius":0,"outX":0,"outY":0,"radius":64,"rx":751,"ry":1281,"w":2048,"x":566,"y":1154},{"areaColor":[60,15,30,255],"groupId":0,"h":2048,"identify":8,"lx":771,"ly":1271,"originColor":[255,255,255,255],"outRadius":0,"outX":0,"outY":0,"radius":71,"rx":1004,"ry":1592,"w":2048,"x":904,"y":1460},{"areaColor":[200,0,30,255],"groupId":0,"h":2048,"identify":9,"lx":926,"ly":451,"originColor":[255,255,255,255],"outRadius":0,"outX":0,"outY":0,"radius":14,"rx":983,"ry":497,"w":2048,"x":953,"y":476},{"areaColor":[190,5,30,255],"groupId":0,"h":2048,"identify":10,"lx":808,"ly":757,"originColor":[255,255,255,255],"outRadius":0,"outX":0,"outY":0,"radius":30,"rx":1010,"ry":889,"w":2048,"x":901,"y":836},{"areaColor":[20,20,30,255],"groupId":0,"h":2048,"identify":11,"lx":379,"ly":1394,"originColor":[255,255,255,255],"outRadius":0,"outX":0,"outY":0,"radius":48,"rx":1013,"ry":1962,"w":2048,"x":849,"y":1907},{"areaColor":[175,15,30,255],"groupId":0,"h":2048,"identify":12,"lx":634,"ly":1572,"originColor":[255,255,255,255],"outRadius":0,"outX":0,"outY":0,"radius":59,"rx":816,"ry":1742,"w":2048,"x":717,"y":1665},{"areaColor":[75,15,30,255],"groupId":0,"h":2048,"identify":13,"lx":383,"ly":1396,"originColor":[255,255,255,255],"outRadius":0,"outX":0,"outY":0,"radius":41,"rx":546,"ry":1495,"w":2048,"x":427,"y":1449},{"areaColor":[205,15,30,255],"groupId":0,"h":2048,"identify":14,"lx":352,"ly":1253,"originColor":[255,255,255,255],"outRadius":0,"outX":0,"outY":0,"radius":70,"rx":1090,"ry":1917,"w":2048,"x":984,"y":1812},{"areaColor":[120,15,30,255],"groupId":0,"h":2048,"identify":15,"lx":545,"ly":1456,"originColor":[255,255,255,255],"outRadius":0,"outX":0,"outY":0,"radius":66,"rx":806,"ry":1639,"w":2048,"x":632,"y":1558},{"areaColor":[45,15,30,255],"groupId":0,"h":2048,"identify":16,"lx":356,"ly":1256,"originColor":[255,255,255,255],"outRadius":0,"outX":0,"outY":0,"radius":64,"rx":586,"ry":1414,"w":2048,"x":427,"y":1333},{"areaColor":[25,15,30,255],"groupId":0,"h":2048,"identify":17,"lx":1065,"ly":1133,"originColor":[255,255,255,255],"outRadius":0,"outX":0,"outY":0,"radius":31,"rx":1255,"ry":1345,"w":2048,"x":1167,"y":1296},{"areaColor":[235,10,30,255],"groupId":0,"h":2048,"identify":18,"lx":1066,"ly":1208,"originColor":[255,255,255,255],"outRadius":0,"outX":0,"outY":0,"radius":32,"rx":1160,"ry":1280,"w":2048,"x":1105,"y":1243},{"areaColor":[195,10,30,255],"groupId":0,"h":2048,"identify":19,"lx":1105,"ly":1134,"originColor":[255,255,255,255],"outRadius":0,"outX":0,"outY":0,"radius":32,"rx":1175,"ry":1227,"w":2048,"x":1142,"y":1179},{"areaColor":[205,10,30,255],"groupId":0,"h":2048,"identify":20,"lx":1172,"ly":1148,"originColor":[255,255,255,255],"outRadius":0,"outX":0,"outY":0,"radius":26,"rx":1229,"ry":1232,"w":2048,"x":1202,"y":1192},{"areaColor":[15,15,30,255],"groupId":0,"h":2048,"identify":21,"lx":1183,"ly":1228,"originColor":[255,255,255,255],"outRadius":0,"outX":0,"outY":0,"radius":26,"rx":1253,"ry":1301,"w":2048,"x":1224,"y":1271},{"areaColor":[245,10,30,255],"groupId":0,"h":2048,"identify":22,"lx":1152,"ly":1215,"originColor":[255,255,255,255],"outRadius":0,"outX":0,"outY":0,"radius":9,"rx":1194,"ry":1260,"w":2048,"x":1172,"y":1236},{"areaColor":[105,5,30,255],"groupId":0,"h":2048,"identify":23,"lx":1024,"ly":494,"originColor":[255,255,255,255],"outRadius":0,"outX":0,"outY":0,"radius":65,"rx":1830,"ry":1117,"w":2048,"x":1443,"y":847},{"areaColor":[225,0,30,255],"groupId":0,"h":2048,"identify":24,"lx":1149,"ly":499,"originColor":[255,255,255,255],"outRadius":0,"outX":0,"outY":0,"radius":80,"rx":1623,"ry":836,"w":2048,"x":1450,"y":662},{"areaColor":[150,5,30,255],"groupId":0,"h":2048,"identify":25,"lx":1186,"ly":673,"originColor":[255,255,255,255],"outRadius":0,"outX":0,"outY":0,"radius":3,"rx":1228,"ry":701,"w":2048,"x":1215,"y":684},{"areaColor":[10,0,30,255],"groupId":0,"h":2048,"identify":26,"lx":826,"ly":78,"originColor":[255,255,255,255],"outRadius":0,"outX":0,"outY":0,"radius":64,"rx":1423,"ry":406,"w":2048,"x":986,"y":183},{"areaColor":[65,0,30,255],"groupId":0,"h":2048,"identify":27,"lx":1335,"ly":293,"originColor":[255,255,255,255],"outRadius":0,"outX":0,"outY":0,"radius":62,"rx":1538,"ry":504,"w":2048,"x":1464,"y":402},{"areaColor":[40,0,30,255],"groupId":0,"h":2048,"identify":28,"lx":1041,"ly":197,"originColor":[255,255,255,255],"outRadius":0,"outX":0,"outY":0,"radius":52,"rx":1148,"ry":392,"w":2048,"x":1094,"y":294},{"areaColor":[25,0,30,255],"groupId":0,"h":2048,"identify":29,"lx":664,"ly":110,"originColor":[255,255,255,255],"outRadius":0,"outX":0,"outY":0,"radius":18,"rx":1179,"ry":393,"w":2048,"x":1121,"y":177},{"areaColor":[20,0,30,255],"groupId":0,"h":2048,"identify":30,"lx":670,"ly":114,"originColor":[255,255,255,255],"outRadius":0,"outX":0,"outY":0,"radius":41,"rx":789,"ry":242,"w":2048,"x":734,"y":173},{"areaColor":[45,0,30,255],"groupId":0,"h":2048,"identify":31,"lx":647,"ly":194,"originColor":[255,255,255,255],"outRadius":0,"outX":0,"outY":0,"radius":53,"rx":1107,"ry":577,"w":2048,"x":802,"y":262},{"areaColor":[55,0,30,255],"groupId":0,"h":2048,"identify":32,"lx":651,"ly":288,"originColor":[237,237,237,255],"outRadius":0,"outX":0,"outY":0,"radius":8,"rx":676,"ry":333,"w":2048,"x":660,"y":312},{"areaColor":[170,0,30,255],"groupId":0,"h":2048,"identify":33,"lx":981,"ly":354,"originColor":[255,255,255,255],"outRadius":0,"outX":0,"outY":0,"radius":9,"rx":1290,"ry":596,"w":2048,"x":1229,"y":436},{"areaColor":[215,0,30,255],"groupId":0,"h":2048,"identify":34,"lx":1174,"ly":489,"originColor":[255,255,255,255],"outRadius":0,"outX":0,"outY":0,"radius":14,"rx":1241,"ry":584,"w":2048,"x":1205,"y":521},{"areaColor":[220,0,30,255],"groupId":0,"h":2048,"identify":35,"lx":1166,"ly":491,"originColor":[255,255,255,255],"outRadius":0,"outX":0,"outY":0,"radius":12,"rx":1230,"ry":591,"w":2048,"x":1189,"y":554},{"areaColor":[195,0,30,255],"groupId":0,"h":2048,"identify":36,"lx":1198,"ly":449,"originColor":[255,255,255,255],"outRadius":0,"outX":0,"outY":0,"radius":11,"rx":1283,"ry":477,"w":2048,"x":1254,"y":460},{"areaColor":[205,0,30,255],"groupId":0,"h":2048,"identify":37,"lx":1079,"ly":460,"originColor":[255,255,255,255],"outRadius":0,"outX":0,"outY":0,"radius":16,"rx":1139,"ry":571,"w":2048,"x":1104,"y":531},{"areaColor":[210,0,30,255],"groupId":0,"h":2048,"identify":38,"lx":1103,"ly":479,"originColor":[255,255,255,255],"outRadius":0,"outX":0,"outY":0,"radius":11,"rx":1163,"ry":571,"w":2048,"x":1151,"y":498},{"areaColor":[185,0,30,255],"groupId":0,"h":2048,"identify":39,"lx":984,"ly":432,"originColor":[255,255,255,255],"outRadius":0,"outX":0,"outY":0,"radius":15,"rx":1055,"ry":472,"w":2048,"x":1016,"y":447},{"areaColor":[155,0,30,255],"groupId":0,"h":2048,"identify":40,"lx":991,"ly":407,"originColor":[255,255,255,255],"outRadius":0,"outX":0,"outY":0,"radius":10,"rx":1054,"ry":432,"w":2048,"x":1024,"y":418},{"areaColor":[125,0,30,255],"groupId":0,"h":2048,"identify":41,"lx":1018,"ly":357,"originColor":[255,255,255,255],"outRadius":0,"outX":0,"outY":0,"radius":10,"rx":1081,"ry":408,"w":2048,"x":1044,"y":378},{"areaColor":[40,5,30,255],"groupId":0,"h":2048,"identify":42,"lx":676,"ly":571,"originColor":[16,16,16,255],"outRadius":0,"outX":0,"outY":0,"radius":19,"rx":1022,"ry":718,"w":2048,"x":959,"y":602},{"areaColor":[15,5,30,255],"groupId":0,"h":2048,"identify":43,"lx":677,"ly":573,"originColor":[16,16,16,255],"outRadius":0,"outX":0,"outY":0,"radius":14,"rx":732,"ry":704,"w":2048,"x":705,"y":588},{"areaColor":[80,5,30,255],"groupId":0,"h":2048,"identify":44,"lx":695,"ly":614,"originColor":[111,111,111,255],"outRadius":0,"outX":0,"outY":0,"radius":13,"rx":982,"ry":685,"w":2048,"x":708,"y":643},{"areaColor":[85,5,30,255],"groupId":0,"h":2048,"identify":45,"lx":944,"ly":623,"originColor":[194,194,194,255],"outRadius":0,"outX":0,"outY":0,"radius":19,"rx":981,"ry":683,"w":2048,"x":962,"y":653},{"areaColor":[10,5,30,255],"groupId":0,"h":2048,"identify":46,"lx":650,"ly":548,"originColor":[255,255,255,255],"outRadius":0,"outX":0,"outY":0,"radius":9,"rx":1039,"ry":716,"w":2048,"x":901,"y":623},{"areaColor":[245,0,30,255],"groupId":0,"h":2048,"identify":47,"lx":657,"ly":563,"originColor":[255,255,255,255],"outRadius":0,"outX":0,"outY":0,"radius":9,"rx":713,"ry":701,"w":2048,"x":666,"y":617},{"areaColor":[115,0,30,255],"groupId":0,"h":2048,"identify":48,"lx":615,"ly":184,"originColor":[255,255,255,255],"outRadius":0,"outX":0,"outY":0,"radius":40,"rx":872,"ry":490,"w":2048,"x":814,"y":445},{"areaColor":[50,0,30,255],"groupId":0,"h":2048,"identify":49,"lx":682,"ly":277,"originColor":[255,255,255,255],"outRadius":0,"outX":0,"outY":0,"radius":45,"rx":805,"ry":420,"w":2048,"x":758,"y":369},{"areaColor":[35,0,30,255],"groupId":0,"h":2048,"identify":50,"lx":620,"ly":189,"originColor":[255,255,255,255],"outRadius":0,"outX":0,"outY":0,"radius":29,"rx":728,"ry":325,"w":2048,"x":699,"y":291},{"areaColor":[250,5,30,255],"groupId":0,"h":2048,"identify":51,"lx":725,"ly":823,"originColor":[224,224,224,255],"outRadius":0,"outX":0,"outY":0,"radius":54,"rx":1042,"ry":1006,"w":2048,"x":942,"y":926},{"areaColor":[75,10,30,255],"groupId":0,"h":2048,"identify":52,"lx":621,"ly":907,"originColor":[252,252,252,255],"outRadius":0,"outX":0,"outY":0,"radius":19,"rx":899,"ry":1083,"w":2048,"x":841,"y":937},{"areaColor":[105,10,30,255],"groupId":0,"h":2048,"identify":53,"lx":816,"ly":957,"originColor":[224,224,224,255],"outRadius":0,"outX":0,"outY":0,"radius":10,"rx":878,"ry":976,"w":2048,"x":851,"y":967},{"areaColor":[130,10,30,255],"groupId":0,"h":2048,"identify":54,"lx":782,"ly":977,"originColor":[255,255,255,255],"outRadius":0,"outX":0,"outY":0,"radius":24,"rx":896,"ry":1080,"w":2048,"x":842,"y":1028},{"areaColor":[65,10,30,255],"groupId":0,"h":2048,"identify":55,"lx":665,"ly":911,"originColor":[255,255,255,255],"outRadius":0,"outX":0,"outY":0,"radius":21,"rx":723,"ry":963,"w":2048,"x":691,"y":934},{"areaColor":[100,10,30,255],"groupId":0,"h":2048,"identify":56,"lx":665,"ly":957,"originColor":[224,224,224,255],"outRadius":0,"outX":0,"outY":0,"radius":4,"rx":703,"ry":964,"w":2048,"x":673,"y":961},{"areaColor":[125,10,30,255],"groupId":0,"h":2048,"identify":57,"lx":624,"ly":966,"originColor":[255,255,255,255],"outRadius":0,"outX":0,"outY":0,"radius":14,"rx":710,"ry":1020,"w":2048,"x":655,"y":999},{"areaColor":[70,10,30,255],"groupId":0,"h":2048,"identify":58,"lx":717,"ly":915,"originColor":[255,255,255,255],"outRadius":0,"outX":0,"outY":0,"radius":20,"rx":816,"ry":991,"w":2048,"x":739,"y":939},{"areaColor":[85,10,30,255],"groupId":0,"h":2048,"identify":59,"lx":759,"ly":933,"originColor":[255,255,255,255],"outRadius":0,"outX":0,"outY":0,"radius":25,"rx":814,"ry":989,"w":2048,"x":788,"y":959},{"areaColor":[120,10,30,255],"groupId":0,"h":2048,"identify":60,"lx":643,"ly":962,"originColor":[255,255,255,255],"outRadius":0,"outX":0,"outY":0,"radius":25,"rx":781,"ry":1093,"w":2048,"x":729,"y":989},{"areaColor":[140,10,30,255],"groupId":0,"h":2048,"identify":61,"lx":647,"ly":1012,"originColor":[255,255,255,255],"outRadius":0,"outX":0,"outY":0,"radius":13,"rx":779,"ry":1083,"w":2048,"x":726,"y":1031},{"areaColor":[150,10,30,255],"groupId":0,"h":2048,"identify":62,"lx":646,"ly":1038,"originColor":[255,255,255,255],"outRadius":0,"outX":0,"outY":0,"radius":15,"rx":770,"ry":1091,"w":2048,"x":673,"y":1053},{"areaColor":[155,10,30,255],"groupId":0,"h":2048,"identify":63,"lx":690,"ly":1039,"originColor":[255,255,255,255],"outRadius":0,"outX":0,"outY":0,"radius":15,"rx":743,"ry":1077,"w":2048,"x":708,"y":1058},{"areaColor":[140,0,30,255],"groupId":0,"h":2048,"identify":64,"lx":1039,"ly":369,"originColor":[255,255,255,255],"outRadius":0,"outX":0,"outY":0,"radius":31,"rx":1153,"ry":496,"w":2048,"x":1090,"y":431},{"areaColor":[120,0,30,255],"groupId":0,"h":2048,"identify":65,"lx":1123,"ly":351,"originColor":[255,255,255,255],"outRadius":0,"outX":0,"outY":0,"radius":20,"rx":1225,"ry":489,"w":2048,"x":1156,"y":375},{"areaColor":[145,0,30,255],"groupId":0,"h":2048,"identify":66,"lx":1164,"ly":386,"originColor":[255,255,255,255],"outRadius":0,"outX":0,"outY":0,"radius":22,"rx":1219,"ry":441,"w":2048,"x":1194,"y":410},{"areaColor":[150,0,30,255],"groupId":0,"h":2048,"identify":67,"lx":1124,"ly":394,"originColor":[255,255,255,255],"outRadius":0,"outX":0,"outY":0,"radius":16,"rx":1162,"ry":434,"w":2048,"x":1141,"y":414},{"areaColor":[175,0,30,255],"groupId":0,"h":2048,"identify":68,"lx":1136,"ly":427,"originColor":[255,255,255,255],"outRadius":0,"outX":0,"outY":0,"radius":21,"rx":1195,"ry":486,"w":2048,"x":1173,"y":459},{"areaColor":[235,0,30,255],"groupId":0,"h":2048,"identify":69,"lx":304,"ly":287,"originColor":[255,255,255,255],"outRadius":0,"outX":0,"outY":0,"radius":34,"rx":1256,"ry":1296,"w":2048,"x":1152,"y":605},{"areaColor":[200,5,30,255],"groupId":0,"h":2048,"identify":70,"lx":1013,"ly":761,"originColor":[255,255,255,255],"outRadius":0,"outX":0,"outY":0,"radius":16,"rx":1053,"ry":855,"w":2048,"x":1030,"y":818},{"areaColor":[40,10,30,255],"groupId":0,"h":2048,"identify":71,"lx":1016,"ly":882,"originColor":[255,255,255,255],"outRadius":0,"outX":0,"outY":0,"radius":8,"rx":1050,"ry":946,"w":2048,"x":1032,"y":934},{"areaColor":[105,0,30,255],"groupId":0,"h":2048,"identify":72,"lx":496,"ly":348,"originColor":[255,255,255,255],"outRadius":0,"outX":0,"outY":0,"radius":21,"rx":606,"ry":587,"w":2048,"x":529,"y":525},{"areaColor":[130,0,30,255],"groupId":0,"h":2048,"identify":73,"lx":395,"ly":364,"originColor":[248,248,248,255],"outRadius":0,"outX":0,"outY":0,"radius":33,"rx":693,"ry":762,"w":2048,"x":621,"y":433},{"areaColor":[140,5,30,255],"groupId":0,"h":2048,"identify":74,"lx":326,"ly":660,"originColor":[255,255,255,255],"outRadius":0,"outX":0,"outY":0,"radius":13,"rx":477,"ry":821,"w":2048,"x":339,"y":731},{"areaColor":[125,5,30,255],"groupId":0,"h":2048,"identify":75,"lx":534,"ly":651,"originColor":[233,233,233,255],"outRadius":0,"outX":0,"outY":0,"radius":15,"rx":645,"ry":722,"w":2048,"x":622,"y":698},{"areaColor":[115,5,30,255],"groupId":0,"h":2048,"identify":76,"lx":353,"ly":643,"originColor":[226,226,226,255],"outRadius":0,"outX":0,"outY":0,"radius":30,"rx":657,"ry":920,"w":2048,"x":626,"y":838},{"areaColor":[55,10,30,255],"groupId":0,"h":2048,"identify":77,"lx":445,"ly":897,"originColor":[255,255,255,255],"outRadius":0,"outX":0,"outY":0,"radius":26,"rx":612,"ry":1061,"w":2048,"x":485,"y":942},{"areaColor":[110,10,30,255],"groupId":0,"h":2048,"identify":78,"lx":400,"ly":959,"originColor":[255,255,255,255],"outRadius":0,"outX":0,"outY":0,"radius":18,"rx":540,"ry":1065,"w":2048,"x":502,"y":1046},{"areaColor":[230,5,30,255],"groupId":0,"h":2048,"identify":79,"lx":615,"ly":813,"originColor":[255,255,255,255],"outRadius":0,"outX":0,"outY":0,"radius":22,"rx":738,"ry":986,"w":2048,"x":638,"y":944},{"areaColor":[145,10,30,255],"groupId":0,"h":2048,"identify":80,"lx":595,"ly":1017,"originColor":[255,255,255,255],"outRadius":0,"outX":0,"outY":0,"radius":16,"rx":681,"ry":1090,"w":2048,"x":634,"y":1068},{"areaColor":[160,10,30,255],"groupId":0,"h":2048,"identify":81,"lx":308,"ly":1057,"originColor":[255,255,255,255],"outRadius":0,"outX":0,"outY":0,"radius":25,"rx":406,"ry":1164,"w":2048,"x":332,"y":1087},{"areaColor":[200,10,30,255],"groupId":0,"h":2048,"identify":82,"lx":384,"ly":1139,"originColor":[233,233,233,255],"outRadius":0,"outX":0,"outY":0,"radius":29,"rx":490,"ry":1253,"w":2048,"x":417,"y":1209},{"areaColor":[225,10,30,255],"groupId":0,"h":2048,"identify":83,"lx":581,"ly":1196,"originColor":[255,255,255,255],"outRadius":0,"outX":0,"outY":0,"radius":11,"rx":660,"ry":1291,"w":2048,"x":629,"y":1208},{"areaColor":[90,0,30,255],"groupId":0,"h":2048,"identify":84,"lx":816,"ly":334,"originColor":[224,224,224,255],"outRadius":0,"outX":0,"outY":0,"radius":16,"rx":892,"ry":426,"w":2048,"x":854,"y":363},{"areaColor":[60,0,30,255],"groupId":0,"h":2048,"identify":85,"lx":824,"ly":289,"originColor":[255,255,255,255],"outRadius":0,"outX":0,"outY":0,"radius":13,"rx":926,"ry":358,"w":2048,"x":880,"y":302},{"areaColor":[215,10,30,255],"groupId":0,"h":2048,"identify":86,"lx":328,"ly":317,"originColor":[255,255,255,255],"outRadius":0,"outX":0,"outY":0,"radius":25,"rx":1204,"ry":1282,"w":2048,"x":358,"y":1235},{"areaColor":[15,10,30,255],"groupId":0,"h":2048,"identify":87,"lx":358,"ly":838,"originColor":[255,255,255,255],"outRadius":0,"outX":0,"outY":0,"radius":48,"rx":642,"ry":1160,"w":2048,"x":414,"y":1111},{"areaColor":[135,10,30,255],"groupId":0,"h":2048,"identify":88,"lx":513,"ly":996,"originColor":[255,255,255,255],"outRadius":0,"outX":0,"outY":0,"radius":12,"rx":603,"ry":1069,"w":2048,"x":590,"y":1031},{"areaColor":[30,10,30,255],"groupId":0,"h":2048,"identify":89,"lx":407,"ly":849,"originColor":[224,224,224,255],"outRadius":0,"outX":0,"outY":0,"radius":26,"rx":579,"ry":1059,"w":2048,"x":546,"y":1014},{"areaColor":[195,5,30,255],"groupId":0,"h":2048,"identify":90,"lx":430,"ly":758,"originColor":[224,224,224,255],"outRadius":0,"outX":0,"outY":0,"radius":22,"rx":703,"ry":900,"w":2048,"x":681,"y":835},{"areaColor":[205,5,30,255],"groupId":0,"h":2048,"identify":91,"lx":594,"ly":765,"originColor":[255,255,255,255],"outRadius":0,"outX":0,"outY":0,"radius":8,"rx":721,"ry":888,"w":2048,"x":680,"y":789},{"areaColor":[255,5,30,255],"groupId":0,"h":2048,"identify":92,"lx":689,"ly":829,"originColor":[255,255,255,255],"outRadius":0,"outX":0,"outY":0,"radius":12,"rx":814,"ry":918,"w":2048,"x":710,"y":898},{"areaColor":[185,10,30,255],"groupId":0,"h":2048,"identify":93,"lx":676,"ly":1084,"originColor":[255,255,255,255],"outRadius":0,"outX":0,"outY":0,"radius":4,"rx":701,"ry":1097,"w":2048,"x":687,"y":1090},{"areaColor":[100,5,30,255],"groupId":0,"h":2048,"identify":94,"lx":445,"ly":628,"originColor":[226,226,226,255],"outRadius":0,"outX":0,"outY":0,"radius":44,"rx":699,"ry":788,"w":2048,"x":489,"y":687},{"areaColor":[50,5,30,255],"groupId":0,"h":2048,"identify":95,"lx":541,"ly":595,"originColor":[237,237,237,255],"outRadius":0,"outX":0,"outY":0,"radius":28,"rx":645,"ry":688,"w":2048,"x":617,"y":650},{"areaColor":[240,0,30,255],"groupId":0,"h":2048,"identify":96,"lx":526,"ly":559,"originColor":[255,255,255,255],"outRadius":0,"outX":0,"outY":0,"radius":10,"rx":638,"ry":625,"w":2048,"x":618,"y":604},{"areaColor":[220,5,30,255],"groupId":0,"h":2048,"identify":97,"lx":372,"ly":803,"originColor":[255,255,255,255],"outRadius":0,"outX":0,"outY":0,"radius":8,"rx":474,"ry":838,"w":2048,"x":410,"y":828},{"areaColor":[95,0,30,255],"groupId":0,"h":2048,"identify":98,"lx":523,"ly":343,"originColor":[255,255,255,255],"outRadius":0,"outX":0,"outY":0,"radius":25,"rx":693,"ry":606,"w":2048,"x":563,"y":415},{"areaColor":[135,0,30,255],"groupId":0,"h":2048,"identify":99,"lx":656,"ly":371,"originColor":[224,224,224,255],"outRadius":0,"outX":0,"outY":0,"radius":26,"rx":722,"ry":476,"w":2048,"x":687,"y":405},{"areaColor":[80,0,30,255],"groupId":0,"h":2048,"identify":100,"lx":574,"ly":330,"originColor":[255,255,255,255],"outRadius":0,"outX":0,"outY":0,"radius":6,"rx":675,"ry":354,"w":2048,"x":629,"y":335},{"areaColor":[70,0,30,255],"groupId":0,"h":2048,"identify":101,"lx":807,"ly":318,"originColor":[255,255,255,255],"outRadius":0,"outX":0,"outY":0,"radius":20,"rx":977,"ry":518,"w":2048,"x":898,"y":355},{"areaColor":[55,5,30,255],"groupId":0,"h":2048,"identify":102,"lx":1067,"ly":596,"originColor":[255,255,255,255],"outRadius":0,"outX":0,"outY":0,"radius":25,"rx":1166,"ry":888,"w":2048,"x":1119,"y":663},{"areaColor":[120,5,30,255],"groupId":0,"h":2048,"identify":103,"lx":1036,"ly":649,"originColor":[255,255,255,255],"outRadius":0,"outX":0,"outY":0,"radius":25,"rx":1127,"ry":950,"w":2048,"x":1101,"y":862},{"areaColor":[165,5,30,255],"groupId":0,"h":2048,"identify":104,"lx":992,"ly":711,"originColor":[255,255,255,255],"outRadius":0,"outX":0,"outY":0,"radius":13,"rx":1050,"ry":825,"w":2048,"x":1031,"y":761},{"areaColor":[20,10,30,255],"groupId":0,"h":2048,"identify":105,"lx":1187,"ly":838,"originColor":[255,255,255,255],"outRadius":0,"outX":0,"outY":0,"radius":4,"rx":1200,"ry":857,"w":2048,"x":1193,"y":845},{"areaColor":[85,15,30,255],"groupId":0,"h":2048,"identify":106,"lx":1143,"ly":1158,"originColor":[255,255,255,255],"outRadius":0,"outX":0,"outY":0,"radius":19,"rx":1789,"ry":1938,"w":2048,"x":1233,"y":1453},{"areaColor":[250,10,30,255],"groupId":0,"h":2048,"identify":107,"lx":1214,"ly":1218,"originColor":[248,248,248,255],"outRadius":0,"outX":0,"outY":0,"radius":45,"rx":1489,"ry":1604,"w":2048,"x":1443,"y":1359},{"areaColor":[210,10,30,255],"groupId":0,"h":2048,"identify":108,"lx":1300,"ly":1159,"originColor":[255,255,255,255],"outRadius":0,"outX":0,"outY":0,"radius":22,"rx":1609,"ry":1454,"w":2048,"x":1587,"y":1320},{"areaColor":[140,15,30,255],"groupId":0,"h":2048,"identify":109,"lx":1269,"ly":1486,"originColor":[226,226,226,255],"outRadius":0,"outX":0,"outY":0,"radius":40,"rx":1469,"ry":1767,"w":2048,"x":1311,"y":1704},{"areaColor":[195,15,30,255],"groupId":0,"h":2048,"identify":110,"lx":1147,"ly":1655,"originColor":[252,252,252,255],"outRadius":0,"outX":0,"outY":0,"radius":14,"rx":1281,"ry":1823,"w":2048,"x":1161,"y":1737},{"areaColor":[10,20,30,255],"groupId":0,"h":2048,"identify":111,"lx":1360,"ly":1799,"originColor":[255,255,255,255],"outRadius":0,"outX":0,"outY":0,"radius":12,"rx":1447,"ry":1933,"w":2048,"x":1372,"y":1851},{"areaColor":[220,15,30,255],"groupId":0,"h":2048,"identify":112,"lx":1418,"ly":1739,"originColor":[237,237,237,255],"outRadius":0,"outX":0,"outY":0,"radius":26,"rx":1550,"ry":1916,"w":2048,"x":1518,"y":1769},{"areaColor":[200,15,30,255],"groupId":0,"h":2048,"identify":113,"lx":1298,"ly":1659,"originColor":[237,237,237,255],"outRadius":0,"outX":0,"outY":0,"radius":25,"rx":1610,"ry":1784,"w":2048,"x":1567,"y":1684},{"areaColor":[40,15,30,255],"groupId":0,"h":2048,"identify":114,"lx":1563,"ly":1254,"originColor":[255,255,255,255],"outRadius":0,"outX":0,"outY":0,"radius":50,"rx":1784,"ry":1556,"w":2048,"x":1734,"y":1391},{"areaColor":[95,15,30,255],"groupId":0,"h":2048,"identify":115,"lx":1175,"ly":1116,"originColor":[255,255,255,255],"outRadius":0,"outX":0,"outY":0,"radius":12,"rx":1771,"ry":1942,"w":2048,"x":1669,"y":1542},{"areaColor":[190,10,30,255],"groupId":0,"h":2048,"identify":116,"lx":1294,"ly":1120,"originColor":[237,237,237,255],"outRadius":0,"outX":0,"outY":0,"radius":46,"rx":1682,"ry":1662,"w":2048,"x":1596,"y":1467},{"areaColor":[110,15,30,255],"groupId":0,"h":2048,"identify":117,"lx":1350,"ly":1447,"originColor":[226,226,226,255],"outRadius":0,"outX":0,"outY":0,"radius":43,"rx":1565,"ry":1727,"w":2048,"x":1410,"y":1672},{"areaColor":[220,10,30,255],"groupId":0,"h":2048,"identify":118,"lx":1298,"ly":1187,"originColor":[255,255,255,255],"outRadius":0,"outX":0,"outY":0,"radius":41,"rx":1563,"ry":1512,"w":2048,"x":1497,"y":1266},{"areaColor":[55,15,30,255],"groupId":0,"h":2048,"identify":119,"lx":1217,"ly":1268,"originColor":[255,255,255,255],"outRadius":0,"outX":0,"outY":0,"radius":23,"rx":1396,"ry":1483,"w":2048,"x":1373,"y":1382},{"areaColor":[255,10,30,255],"groupId":0,"h":2048,"identify":120,"lx":1296,"ly":1225,"originColor":[224,224,224,255],"outRadius":0,"outX":0,"outY":0,"radius":12,"rx":1379,"ry":1312,"w":2048,"x":1319,"y":1250},{"areaColor":[170,15,30,255],"groupId":0,"h":2048,"identify":121,"lx":1179,"ly":1552,"originColor":[255,255,255,255],"outRadius":0,"outX":0,"outY":0,"radius":19,"rx":1233,"ry":1643,"w":2048,"x":1208,"y":1604},{"areaColor":[130,15,30,255],"groupId":0,"h":2048,"identify":122,"lx":1196,"ly":1485,"originColor":[255,255,255,255],"outRadius":0,"outX":0,"outY":0,"radius":9,"rx":1237,"ry":1510,"w":2048,"x":1217,"y":1495},{"areaColor":[155,15,30,255],"groupId":0,"h":2048,"identify":123,"lx":1177,"ly":1492,"originColor":[255,255,255,255],"outRadius":0,"outX":0,"outY":0,"radius":47,"rx":1446,"ry":1821,"w":2048,"x":1224,"y":1727},{"areaColor":[245,15,30,255],"groupId":0,"h":2048,"identify":124,"lx":1386,"ly":1764,"originColor":[233,233,233,255],"outRadius":0,"outX":0,"outY":0,"radius":40,"rx":1605,"ry":1937,"w":2048,"x":1427,"y":1858},{"areaColor":[210,15,30,255],"groupId":0,"h":2048,"identify":125,"lx":1457,"ly":1711,"originColor":[226,226,226,255],"outRadius":0,"outX":0,"outY":0,"radius":32,"rx":1623,"ry":1832,"w":2048,"x":1582,"y":1750},{"areaColor":[180,15,30,255],"groupId":0,"h":2048,"identify":126,"lx":1302,"ly":1578,"originColor":[255,255,255,255],"outRadius":0,"outX":0,"outY":0,"radius":28,"rx":1393,"ry":1663,"w":2048,"x":1345,"y":1624},{"areaColor":[180,0,30,255],"groupId":0,"h":2048,"identify":127,"lx":504,"ly":428,"originColor":[255,255,255,255],"outRadius":0,"outX":0,"outY":0,"radius":23,"rx":575,"ry":503,"w":2048,"x":541,"y":465},{"areaColor":[35,10,30,255],"groupId":0,"h":2048,"identify":128,"lx":223,"ly":864,"originColor":[255,255,255,255],"outRadius":0,"outX":0,"outY":0,"radius":37,"rx":372,"ry":1013,"w":2048,"x":294,"y":926},{"areaColor":[15,0,30,255],"groupId":0,"h":2048,"identify":129,"lx":209,"ly":102,"originColor":[255,255,255,255],"outRadius":0,"outX":0,"outY":0,"radius":37,"rx":357,"ry":252,"w":2048,"x":287,"y":164},{"areaColor":[110,0,30,255],"groupId":0,"h":2048,"identify":130,"lx":1611,"ly":347,"originColor":[255,255,255,255],"outRadius":0,"outX":0,"outY":0,"radius":37,"rx":1759,"ry":496,"w":2048,"x":1689,"y":409},{"areaColor":[190,15,30,255],"groupId":0,"h":2048,"identify":131,"lx":1722,"ly":1645,"originColor":[255,255,255,255],"outRadius":0,"outX":0,"outY":0,"radius":37,"rx":1872,"ry":1795,"w":2048,"x":1793,"y":1707},{"areaColor":[235,15,30,255],"groupId":0,"h":2048,"identify":132,"lx":87,"ly":1747,"originColor":[255,255,255,255],"outRadius":0,"outX":0,"outY":0,"radius":37,"rx":236,"ry":1896,"w":2048,"x":165,"y":1809}]