[{"areaColor":[130,0,30,255],"h":2048,"identify":0,"lx":441,"ly":229,"originColor":[249,125,58,255],"outRadius":0,"outX":0,"outY":0,"radius":87,"rx":1538,"ry":1651,"w":2048,"x":918,"y":652},{"areaColor":[140,0,30,255],"h":2048,"identify":1,"lx":446,"ly":476,"originColor":[252,137,66,255],"outRadius":0,"outX":0,"outY":0,"radius":65,"rx":735,"ry":759,"w":2048,"x":646,"y":672},{"areaColor":[90,0,30,255],"h":2048,"identify":2,"lx":1101,"ly":234,"originColor":[244,111,50,255],"outRadius":0,"outX":0,"outY":0,"radius":68,"rx":1533,"ry":726,"w":2048,"x":1224,"y":582},{"areaColor":[155,10,30,255],"h":2048,"identify":3,"lx":1045,"ly":1483,"originColor":[191,83,55,255],"outRadius":0,"outX":0,"outY":0,"radius":44,"rx":1153,"ry":1648,"w":2048,"x":1109,"y":1555},{"areaColor":[45,10,30,255],"h":2048,"identify":4,"lx":722,"ly":1204,"originColor":[249,125,58,255],"outRadius":0,"outX":0,"outY":0,"radius":33,"rx":821,"ry":1286,"w":2048,"x":757,"y":1241},{"areaColor":[205,5,30,255],"h":2048,"identify":5,"lx":1316,"ly":1078,"originColor":[217,85,39,255],"outRadius":0,"outX":0,"outY":0,"radius":28,"rx":1391,"ry":1170,"w":2048,"x":1353,"y":1126},{"areaColor":[25,5,30,255],"h":2048,"identify":6,"lx":535,"ly":820,"originColor":[209,156,132,255],"outRadius":0,"outX":0,"outY":0,"radius":112,"rx":1426,"ry":1242,"w":2048,"x":1223,"y":935},{"areaColor":[35,5,30,255],"h":2048,"identify":7,"lx":832,"ly":832,"originColor":[53,24,33,255],"outRadius":0,"outX":0,"outY":0,"radius":33,"rx":965,"ry":903,"w":2048,"x":889,"y":868},{"areaColor":[135,0,30,255],"h":2048,"identify":8,"lx":536,"ly":429,"originColor":[253,133,129,255],"outRadius":0,"outX":0,"outY":0,"radius":49,"rx":1458,"ry":884,"w":2048,"x":1379,"y":598},{"areaColor":[210,0,30,255],"h":2048,"identify":9,"lx":537,"ly":674,"originColor":[253,133,129,255],"outRadius":0,"outX":0,"outY":0,"radius":28,"rx":670,"ry":882,"w":2048,"x":598,"y":782},{"areaColor":[175,0,30,255],"h":2048,"identify":10,"lx":590,"ly":565,"originColor":[247,184,161,255],"outRadius":0,"outX":0,"outY":0,"radius":25,"rx":1351,"ry":841,"w":2048,"x":1272,"y":746},{"areaColor":[240,0,30,255],"h":2048,"identify":11,"lx":592,"ly":732,"originColor":[247,184,161,255],"outRadius":0,"outX":0,"outY":0,"radius":15,"rx":683,"ry":838,"w":2048,"x":665,"y":774},{"areaColor":[150,0,30,255],"h":2048,"identify":12,"lx":438,"ly":264,"originColor":[141,73,63,255],"outRadius":0,"outX":0,"outY":0,"radius":31,"rx":1536,"ry":918,"w":2048,"x":502,"y":683},{"areaColor":[100,0,30,255],"h":2048,"identify":13,"lx":1264,"ly":268,"originColor":[128,68,61,255],"outRadius":0,"outX":0,"outY":0,"radius":35,"rx":1531,"ry":825,"w":2048,"x":1494,"y":440},{"areaColor":[80,5,30,255],"h":2048,"identify":14,"lx":855,"ly":923,"originColor":[250,224,217,255],"outRadius":0,"outX":0,"outY":0,"radius":12,"rx":1046,"ry":1114,"w":2048,"x":952,"y":944},{"areaColor":[160,5,30,255],"h":2048,"identify":15,"lx":889,"ly":1043,"originColor":[249,212,187,255],"outRadius":0,"outX":0,"outY":0,"radius":9,"rx":1043,"ry":1112,"w":2048,"x":976,"y":1103},{"areaColor":[205,0,30,255],"h":2048,"identify":16,"lx":703,"ly":655,"originColor":[228,213,226,255],"outRadius":0,"outX":0,"outY":0,"radius":22,"rx":1196,"ry":902,"w":2048,"x":1168,"y":759},{"areaColor":[220,0,30,255],"h":2048,"identify":17,"lx":705,"ly":707,"originColor":[250,224,217,255],"outRadius":0,"outX":0,"outY":0,"radius":17,"rx":847,"ry":900,"w":2048,"x":732,"y":882},{"areaColor":[195,0,30,255],"h":2048,"identify":18,"lx":753,"ly":569,"originColor":[148,42,52,255],"outRadius":0,"outX":0,"outY":0,"radius":6,"rx":1100,"ry":647,"w":2048,"x":795,"y":620},{"areaColor":[180,0,30,255],"h":2048,"identify":19,"lx":1000,"ly":570,"originColor":[186,132,112,255],"outRadius":0,"outX":0,"outY":0,"radius":8,"rx":1098,"ry":595,"w":2048,"x":1040,"y":577},{"areaColor":[215,0,30,255],"h":2048,"identify":20,"lx":738,"ly":694,"originColor":[239,96,45,255],"outRadius":0,"outX":0,"outY":0,"radius":11,"rx":1151,"ry":900,"w":2048,"x":1137,"y":809},{"areaColor":[245,0,30,255],"h":2048,"identify":21,"lx":739,"ly":742,"originColor":[239,96,45,255],"outRadius":0,"outX":0,"outY":0,"radius":11,"rx":859,"ry":898,"w":2048,"x":752,"y":845},{"areaColor":[255,0,30,255],"h":2048,"identify":22,"lx":759,"ly":720,"originColor":[251,245,243,255],"outRadius":0,"outX":0,"outY":0,"radius":15,"rx":1059,"ry":810,"w":2048,"x":775,"y":790},{"areaColor":[230,0,30,255],"h":2048,"identify":23,"lx":1021,"ly":724,"originColor":[251,245,243,255],"outRadius":0,"outX":0,"outY":0,"radius":16,"rx":1054,"ry":756,"w":2048,"x":1037,"y":740},{"areaColor":[60,5,30,255],"h":2048,"identify":24,"lx":812,"ly":903,"originColor":[55,11,30,255],"outRadius":0,"outX":0,"outY":0,"radius":38,"rx":1093,"ry":1096,"w":2048,"x":898,"y":1014},{"areaColor":[135,5,30,255],"h":2048,"identify":25,"lx":927,"ly":1003,"originColor":[182,64,100,255],"outRadius":0,"outX":0,"outY":0,"radius":34,"rx":1037,"ry":1097,"w":2048,"x":973,"y":1056},{"areaColor":[225,5,30,255],"h":2048,"identify":26,"lx":802,"ly":1074,"originColor":[171,34,12,255],"outRadius":0,"outX":0,"outY":0,"radius":25,"rx":1327,"ry":1376,"w":2048,"x":1128,"y":1236},{"areaColor":[200,5,30,255],"h":2048,"identify":27,"lx":1206,"ly":1077,"originColor":[171,34,12,255],"outRadius":0,"outX":0,"outY":0,"radius":54,"rx":1324,"ry":1222,"w":2048,"x":1267,"y":1146},{"areaColor":[10,10,30,255],"h":2048,"identify":28,"lx":807,"ly":1180,"originColor":[206,61,35,255],"outRadius":0,"outX":0,"outY":0,"radius":23,"rx":909,"ry":1314,"w":2048,"x":868,"y":1286},{"areaColor":[65,10,30,255],"h":2048,"identify":29,"lx":936,"ly":1242,"originColor":[189,45,20,255],"outRadius":0,"outX":0,"outY":0,"radius":29,"rx":1204,"ry":1374,"w":2048,"x":1029,"y":1328},{"areaColor":[255,5,30,255],"h":2048,"identify":30,"lx":949,"ly":1175,"originColor":[206,61,35,255],"outRadius":0,"outX":0,"outY":0,"radius":7,"rx":1020,"ry":1233,"w":2048,"x":1011,"y":1221},{"areaColor":[50,10,30,255],"h":2048,"identify":31,"lx":1215,"ly":1221,"originColor":[105,29,24,255],"outRadius":0,"outX":0,"outY":0,"radius":9,"rx":1247,"ry":1251,"w":2048,"x":1231,"y":1240},{"areaColor":[15,10,30,255],"h":2048,"identify":32,"lx":863,"ly":1070,"originColor":[85,56,54,255],"outRadius":0,"outX":0,"outY":0,"radius":23,"rx":1252,"ry":1354,"w":2048,"x":911,"y":1255},{"areaColor":[195,5,30,255],"h":2048,"identify":33,"lx":1136,"ly":1072,"originColor":[76,50,52,255],"outRadius":0,"outX":0,"outY":0,"radius":34,"rx":1247,"ry":1258,"w":2048,"x":1169,"y":1155},{"areaColor":[20,10,30,255],"h":2048,"identify":34,"lx":920,"ly":1171,"originColor":[92,61,59,255],"outRadius":0,"outX":0,"outY":0,"radius":21,"rx":1351,"ry":1318,"w":2048,"x":953,"y":1221},{"areaColor":[250,5,30,255],"h":2048,"identify":35,"lx":1062,"ly":1174,"originColor":[71,45,47,255],"outRadius":0,"outX":0,"outY":0,"radius":26,"rx":1348,"ry":1316,"w":2048,"x":1120,"y":1290},{"areaColor":[230,5,30,255],"h":2048,"identify":36,"lx":861,"ly":1151,"originColor":[92,61,59,255],"outRadius":0,"outX":0,"outY":0,"radius":26,"rx":1078,"ry":1304,"w":2048,"x":908,"y":1185},{"areaColor":[70,10,30,255],"h":2048,"identify":37,"lx":1024,"ly":1249,"originColor":[76,50,52,255],"outRadius":0,"outX":0,"outY":0,"radius":18,"rx":1076,"ry":1302,"w":2048,"x":1049,"y":1278},{"areaColor":[145,5,30,255],"h":2048,"identify":38,"lx":625,"ly":1028,"originColor":[110,61,57,255],"outRadius":0,"outX":0,"outY":0,"radius":53,"rx":1539,"ry":1340,"w":2048,"x":1448,"y":1106},{"areaColor":[25,10,30,255],"h":2048,"identify":39,"lx":629,"ly":1187,"originColor":[101,52,50,255],"outRadius":0,"outX":0,"outY":0,"radius":32,"rx":751,"ry":1335,"w":2048,"x":672,"y":1303},{"areaColor":[35,10,30,255],"h":2048,"identify":40,"lx":722,"ly":1188,"originColor":[61,41,46,255],"outRadius":0,"outX":0,"outY":0,"radius":8,"rx":766,"ry":1204,"w":2048,"x":743,"y":1195},{"areaColor":[80,10,30,255],"h":2048,"identify":41,"lx":738,"ly":1275,"originColor":[53,24,33,255],"outRadius":0,"outX":0,"outY":0,"radius":12,"rx":777,"ry":1309,"w":2048,"x":756,"y":1295},{"areaColor":[125,10,30,255],"h":2048,"identify":42,"lx":1095,"ly":1323,"originColor":[51,40,46,255],"outRadius":0,"outX":0,"outY":0,"radius":15,"rx":1167,"ry":1371,"w":2048,"x":1117,"y":1347},{"areaColor":[90,10,30,255],"h":2048,"identify":43,"lx":975,"ly":1276,"originColor":[92,61,59,255],"outRadius":0,"outX":0,"outY":0,"radius":12,"rx":1261,"ry":1397,"w":2048,"x":1036,"y":1378},{"areaColor":[75,10,30,255],"h":2048,"identify":44,"lx":994,"ly":1269,"originColor":[92,61,59,255],"outRadius":0,"outX":0,"outY":0,"radius":60,"rx":1355,"ry":1626,"w":2048,"x":1288,"y":1364},{"areaColor":[190,10,30,255],"h":2048,"identify":45,"lx":1131,"ly":1539,"originColor":[132,85,75,255],"outRadius":0,"outX":0,"outY":0,"radius":19,"rx":1200,"ry":1621,"w":2048,"x":1172,"y":1589},{"areaColor":[150,10,30,255],"h":2048,"identify":46,"lx":999,"ly":1482,"originColor":[73,28,32,255],"outRadius":0,"outX":0,"outY":0,"radius":19,"rx":1050,"ry":1542,"w":2048,"x":1029,"y":1502},{"areaColor":[130,10,30,255],"h":2048,"identify":47,"lx":915,"ly":1326,"originColor":[141,73,63,255],"outRadius":0,"outX":0,"outY":0,"radius":22,"rx":1399,"ry":1779,"w":2048,"x":1371,"y":1453},{"areaColor":[175,10,30,255],"h":2048,"identify":48,"lx":919,"ly":1521,"originColor":[53,24,33,255],"outRadius":0,"outX":0,"outY":0,"radius":73,"rx":1126,"ry":1774,"w":2048,"x":1006,"y":1622},{"areaColor":[95,5,30,255],"h":2048,"identify":49,"lx":1355,"ly":962,"originColor":[61,84,94,255],"outRadius":0,"outX":0,"outY":0,"radius":42,"rx":1560,"ry":1104,"w":2048,"x":1479,"y":1008},{"areaColor":[165,5,30,255],"h":2048,"identify":50,"lx":1452,"ly":1044,"originColor":[102,116,81,255],"outRadius":0,"outX":0,"outY":0,"radius":38,"rx":1622,"ry":1212,"w":2048,"x":1582,"y":1105},{"areaColor":[55,5,30,255],"h":2048,"identify":51,"lx":1239,"ly":894,"originColor":[118,85,83,255],"outRadius":0,"outX":0,"outY":0,"radius":35,"rx":1661,"ry":1303,"w":2048,"x":1476,"y":1249},{"areaColor":[240,5,30,255],"h":2048,"identify":52,"lx":1232,"ly":1169,"originColor":[76,50,52,255],"outRadius":0,"outX":0,"outY":0,"radius":40,"rx":1446,"ry":1304,"w":2048,"x":1378,"y":1237},{"areaColor":[40,10,30,255],"h":2048,"identify":53,"lx":1236,"ly":1200,"originColor":[51,40,46,255],"outRadius":0,"outX":0,"outY":0,"radius":10,"rx":1305,"ry":1239,"w":2048,"x":1255,"y":1224},{"areaColor":[20,5,30,255],"h":2048,"identify":54,"lx":1351,"ly":795,"originColor":[125,157,164,255],"outRadius":0,"outX":0,"outY":0,"radius":32,"rx":1530,"ry":997,"w":2048,"x":1462,"y":832},{"areaColor":[40,5,30,255],"h":2048,"identify":55,"lx":1465,"ly":853,"originColor":[119,79,70,255],"outRadius":0,"outX":0,"outY":0,"radius":26,"rx":1619,"ry":996,"w":2048,"x":1567,"y":961},{"areaColor":[40,0,30,255],"h":2048,"identify":56,"lx":0,"ly":0,"originColor":[254,252,226,255],"outRadius":0,"outX":0,"outY":0,"radius":251,"rx":2047,"ry":1986,"w":2048,"x":1127,"y":257},{"areaColor":[35,0,30,255],"h":2048,"identify":57,"lx":403,"ly":0,"originColor":[230,227,159,255],"outRadius":0,"outX":0,"outY":0,"radius":158,"rx":848,"ry":625,"w":2048,"x":648,"y":379},{"areaColor":[85,0,30,255],"h":2048,"identify":58,"lx":119,"ly":205,"originColor":[207,205,121,255],"outRadius":0,"outX":0,"outY":0,"radius":104,"rx":866,"ry":1983,"w":2048,"x":442,"y":1381},{"areaColor":[25,0,30,255],"h":2048,"identify":59,"lx":251,"ly":0,"originColor":[212,215,154,255],"outRadius":0,"outX":0,"outY":0,"radius":49,"rx":384,"ry":237,"w":2048,"x":331,"y":117},{"areaColor":[15,0,30,255],"h":2048,"identify":60,"lx":57,"ly":0,"originColor":[187,187,110,255],"outRadius":0,"outX":0,"outY":0,"radius":51,"rx":228,"ry":503,"w":2048,"x":166,"y":55},{"areaColor":[5,0,30,255],"h":2048,"identify":61,"lx":0,"ly":0,"originColor":[55,11,30,255],"outRadius":0,"outX":0,"outY":0,"radius":43,"rx":2047,"ry":2047,"w":2048,"x":1079,"y":785},{"areaColor":[165,0,30,255],"h":2048,"identify":62,"lx":0,"ly":553,"originColor":[123,106,71,255],"outRadius":0,"outX":0,"outY":0,"radius":30,"rx":116,"ry":891,"w":2048,"x":33,"y":803},{"areaColor":[155,0,30,255],"h":2048,"identify":63,"lx":1337,"ly":498,"originColor":[251,243,212,255],"outRadius":0,"outX":0,"outY":0,"radius":67,"rx":1615,"ry":858,"w":2048,"x":1529,"y":725},{"areaColor":[55,0,30,255],"h":2048,"identify":64,"lx":1425,"ly":0,"originColor":[199,219,213,255],"outRadius":0,"outX":0,"outY":0,"radius":85,"rx":1652,"ry":637,"w":2048,"x":1541,"y":86},{"areaColor":[95,0,30,255],"h":2048,"identify":65,"lx":1594,"ly":250,"originColor":[163,166,131,255],"outRadius":0,"outX":0,"outY":0,"radius":96,"rx":2047,"ry":1794,"w":2048,"x":1742,"y":589},{"areaColor":[60,0,30,255],"h":2048,"identify":66,"lx":1609,"ly":0,"originColor":[210,221,194,255],"outRadius":0,"outX":0,"outY":0,"radius":43,"rx":1774,"ry":219,"w":2048,"x":1667,"y":44},{"areaColor":[140,10,30,255],"h":2048,"identify":67,"lx":1118,"ly":1344,"originColor":[252,243,192,255],"outRadius":0,"outX":0,"outY":0,"radius":130,"rx":1837,"ry":1777,"w":2048,"x":1522,"y":1513},{"areaColor":[215,5,30,255],"h":2048,"identify":68,"lx":474,"ly":1120,"originColor":[239,239,211,255],"outRadius":0,"outX":0,"outY":0,"radius":128,"rx":1022,"ry":1756,"w":2048,"x":829,"y":1448},{"areaColor":[245,10,30,255],"h":2048,"identify":69,"lx":1705,"ly":1646,"originColor":[200,197,99,255],"outRadius":0,"outX":0,"outY":0,"radius":24,"rx":1794,"ry":1759,"w":2048,"x":1756,"y":1680},{"areaColor":[20,15,30,255],"h":2048,"identify":70,"lx":305,"ly":1656,"originColor":[162,110,95,255],"outRadius":0,"outX":0,"outY":0,"radius":147,"rx":1983,"ry":2047,"w":2048,"x":745,"y":1867},{"areaColor":[255,10,30,255],"h":2048,"identify":71,"lx":1106,"ly":1657,"originColor":[215,189,148,255],"outRadius":0,"outX":0,"outY":0,"radius":45,"rx":1537,"ry":1780,"w":2048,"x":1421,"y":1711},{"areaColor":[45,15,30,255],"h":2048,"identify":72,"lx":1702,"ly":1793,"originColor":[92,78,64,255],"outRadius":0,"outX":0,"outY":0,"radius":11,"rx":1798,"ry":1819,"w":2048,"x":1753,"y":1806},{"areaColor":[30,15,30,255],"h":2048,"identify":73,"lx":1791,"ly":1537,"originColor":[76,80,64,255],"outRadius":0,"outX":0,"outY":0,"radius":90,"rx":2047,"ry":2047,"w":2048,"x":1957,"y":1957},{"areaColor":[195,10,30,255],"h":2048,"identify":74,"lx":1998,"ly":1539,"originColor":[121,121,64,255],"outRadius":0,"outX":0,"outY":0,"radius":24,"rx":2047,"ry":1756,"w":2048,"x":2023,"y":1688},{"areaColor":[105,0,30,255],"h":2048,"identify":75,"lx":0,"ly":0,"originColor":[61,65,57,255],"outRadius":0,"outX":0,"outY":0,"radius":91,"rx":449,"ry":1942,"w":2048,"x":91,"y":1162},{"areaColor":[20,0,30,255],"h":2048,"identify":76,"lx":171,"ly":0,"originColor":[85,86,76,255],"outRadius":0,"outX":0,"outY":0,"radius":35,"rx":305,"ry":304,"w":2048,"x":260,"y":38},{"areaColor":[145,0,30,255],"h":2048,"identify":77,"lx":0,"ly":125,"originColor":[250,251,163,255],"outRadius":0,"outX":0,"outY":0,"radius":33,"rx":518,"ry":1098,"w":2048,"x":91,"y":525},{"areaColor":[45,5,30,255],"h":2048,"identify":78,"lx":0,"ly":880,"originColor":[192,211,16,255],"outRadius":0,"outX":0,"outY":0,"radius":49,"rx":160,"ry":1096,"w":2048,"x":50,"y":979},{"areaColor":[75,0,30,255],"h":2048,"identify":79,"lx":163,"ly":127,"originColor":[253,250,178,255],"outRadius":0,"outX":0,"outY":0,"radius":25,"rx":515,"ry":343,"w":2048,"x":368,"y":188},{"areaColor":[80,0,30,255],"h":2048,"identify":80,"lx":363,"ly":0,"originColor":[187,185,123,255],"outRadius":0,"outX":0,"outY":0,"radius":32,"rx":510,"ry":513,"w":2048,"x":464,"y":434},{"areaColor":[30,0,30,255],"h":2048,"identify":81,"lx":364,"ly":0,"originColor":[137,138,112,255],"outRadius":0,"outX":0,"outY":0,"radius":22,"rx":432,"ry":137,"w":2048,"x":404,"y":103},{"areaColor":[10,0,30,255],"h":2048,"identify":82,"lx":0,"ly":0,"originColor":[86,89,63,255],"outRadius":0,"outX":0,"outY":0,"radius":29,"rx":124,"ry":796,"w":2048,"x":29,"y":386},{"areaColor":[190,0,30,255],"h":2048,"identify":83,"lx":0,"ly":594,"originColor":[61,65,57,255],"outRadius":0,"outX":0,"outY":0,"radius":19,"rx":48,"ry":793,"w":2048,"x":20,"y":644},{"areaColor":[160,0,30,255],"h":2048,"identify":84,"lx":255,"ly":0,"originColor":[192,211,16,255],"outRadius":0,"outX":0,"outY":0,"radius":30,"rx":1013,"ry":1310,"w":2048,"x":293,"y":595},{"areaColor":[15,5,30,255],"h":2048,"identify":85,"lx":257,"ly":787,"originColor":[248,246,134,255],"outRadius":0,"outX":0,"outY":0,"radius":38,"rx":377,"ry":863,"w":2048,"x":325,"y":824},{"areaColor":[85,5,30,255],"h":2048,"identify":86,"lx":273,"ly":944,"originColor":[252,251,148,255],"outRadius":0,"outX":0,"outY":0,"radius":46,"rx":393,"ry":1037,"w":2048,"x":328,"y":991},{"areaColor":[235,5,30,255],"h":2048,"identify":87,"lx":425,"ly":1162,"originColor":[198,191,51,255],"outRadius":0,"outX":0,"outY":0,"radius":28,"rx":528,"ry":1307,"w":2048,"x":463,"y":1220},{"areaColor":[45,0,30,255],"h":2048,"identify":88,"lx":952,"ly":0,"originColor":[212,215,154,255],"outRadius":0,"outX":0,"outY":0,"radius":18,"rx":1011,"ry":66,"w":2048,"x":972,"y":19},{"areaColor":[215,10,30,255],"h":2048,"identify":89,"lx":0,"ly":1602,"originColor":[110,74,63,255],"outRadius":0,"outX":0,"outY":0,"radius":50,"rx":135,"ry":1732,"w":2048,"x":57,"y":1659},{"areaColor":[55,15,30,255],"h":2048,"identify":90,"lx":0,"ly":1626,"originColor":[57,77,54,255],"outRadius":0,"outX":0,"outY":0,"radius":43,"rx":521,"ry":2047,"w":2048,"x":164,"y":2003},{"areaColor":[65,15,30,255],"h":2048,"identify":91,"lx":0,"ly":1934,"originColor":[29,34,38,255],"outRadius":0,"outX":0,"outY":0,"radius":39,"rx":138,"ry":2047,"w":2048,"x":39,"y":2008},{"areaColor":[35,15,30,255],"h":2048,"identify":92,"lx":139,"ly":1740,"originColor":[72,85,31,255],"outRadius":0,"outX":0,"outY":0,"radius":55,"rx":254,"ry":1969,"w":2048,"x":197,"y":1878},{"areaColor":[75,15,30,255],"h":2048,"identify":93,"lx":253,"ly":1981,"originColor":[61,50,53,255],"outRadius":0,"outX":0,"outY":0,"radius":33,"rx":405,"ry":2047,"w":2048,"x":340,"y":2014},{"areaColor":[70,15,30,255],"h":2048,"identify":94,"lx":233,"ly":1960,"originColor":[95,106,76,255],"outRadius":0,"outX":0,"outY":0,"radius":27,"rx":519,"ry":2036,"w":2048,"x":473,"y":2001},{"areaColor":[225,10,30,255],"h":2048,"identify":95,"lx":177,"ly":1627,"originColor":[127,142,92,255],"outRadius":0,"outX":0,"outY":0,"radius":22,"rx":380,"ry":1745,"w":2048,"x":290,"y":1650},{"areaColor":[40,15,30,255],"h":2048,"identify":96,"lx":0,"ly":1534,"originColor":[30,67,44,255],"outRadius":0,"outX":0,"outY":0,"radius":29,"rx":107,"ry":1885,"w":2048,"x":29,"y":1834},{"areaColor":[185,10,30,255],"h":2048,"identify":97,"lx":0,"ly":1535,"originColor":[66,85,55,255],"outRadius":0,"outX":0,"outY":0,"radius":24,"rx":86,"ry":1607,"w":2048,"x":24,"y":1570},{"areaColor":[135,10,30,255],"h":2048,"identify":98,"lx":76,"ly":1337,"originColor":[114,126,94,255],"outRadius":0,"outX":0,"outY":0,"radius":37,"rx":184,"ry":1428,"w":2048,"x":128,"y":1380},{"areaColor":[160,10,30,255],"h":2048,"identify":99,"lx":0,"ly":1223,"originColor":[212,72,78,255],"outRadius":0,"outX":0,"outY":0,"radius":22,"rx":305,"ry":1648,"w":2048,"x":230,"y":1594},{"areaColor":[95,10,30,255],"h":2048,"identify":100,"lx":0,"ly":1282,"originColor":[171,57,37,255],"outRadius":0,"outX":0,"outY":0,"radius":21,"rx":64,"ry":1372,"w":2048,"x":22,"y":1314},{"areaColor":[55,10,30,255],"h":2048,"identify":101,"lx":190,"ly":1225,"originColor":[212,72,78,255],"outRadius":0,"outX":0,"outY":0,"radius":17,"rx":256,"ry":1269,"w":2048,"x":211,"y":1251},{"areaColor":[50,15,30,255],"h":2048,"identify":102,"lx":1399,"ly":1885,"originColor":[247,171,119,255],"outRadius":0,"outX":0,"outY":0,"radius":18,"rx":1563,"ry":1933,"w":2048,"x":1483,"y":1908},{"areaColor":[235,10,30,255],"h":2048,"identify":103,"lx":1474,"ly":1568,"originColor":[239,96,45,255],"outRadius":0,"outX":0,"outY":0,"radius":17,"rx":1840,"ry":1732,"w":2048,"x":1555,"y":1665},{"areaColor":[10,15,30,255],"h":2048,"identify":104,"lx":1491,"ly":1657,"originColor":[239,96,45,255],"outRadius":0,"outX":0,"outY":0,"radius":13,"rx":1533,"ry":1696,"w":2048,"x":1510,"y":1671},{"areaColor":[25,15,30,255],"h":2048,"identify":105,"lx":1477,"ly":1706,"originColor":[212,72,78,255],"outRadius":0,"outX":0,"outY":0,"radius":9,"rx":1518,"ry":1730,"w":2048,"x":1508,"y":1721},{"areaColor":[220,10,30,255],"h":2048,"identify":106,"lx":1669,"ly":1609,"originColor":[239,96,45,255],"outRadius":0,"outX":0,"outY":0,"radius":11,"rx":1726,"ry":1639,"w":2048,"x":1698,"y":1628},{"areaColor":[210,10,30,255],"h":2048,"identify":107,"lx":1781,"ly":1570,"originColor":[211,102,73,255],"outRadius":0,"outX":0,"outY":0,"radius":20,"rx":1838,"ry":1620,"w":2048,"x":1806,"y":1600},{"areaColor":[15,15,30,255],"h":2048,"identify":108,"lx":1620,"ly":783,"originColor":[136,137,78,255],"outRadius":0,"outX":0,"outY":0,"radius":8,"rx":2047,"ry":1773,"w":2048,"x":1694,"y":1736},{"areaColor":[250,10,30,255],"h":2048,"identify":109,"lx":1748,"ly":1649,"originColor":[132,129,63,255],"outRadius":0,"outX":0,"outY":0,"radius":20,"rx":1880,"ry":1771,"w":2048,"x":1825,"y":1676},{"areaColor":[230,10,30,255],"h":2048,"identify":110,"lx":1722,"ly":1638,"originColor":[177,175,79,255],"outRadius":0,"outX":0,"outY":0,"radius":10,"rx":1812,"ry":1668,"w":2048,"x":1789,"y":1652},{"areaColor":[240,10,30,255],"h":2048,"identify":111,"lx":1698,"ly":1639,"originColor":[207,205,121,255],"outRadius":0,"outX":0,"outY":0,"radius":7,"rx":1713,"ry":1693,"w":2048,"x":1706,"y":1667},{"areaColor":[200,10,30,255],"h":2048,"identify":112,"lx":1703,"ly":1551,"originColor":[217,215,126,255],"outRadius":0,"outX":0,"outY":0,"radius":5,"rx":1723,"ry":1612,"w":2048,"x":1711,"y":1599},{"areaColor":[180,10,30,255],"h":2048,"identify":113,"lx":1847,"ly":1524,"originColor":[146,147,77,255],"outRadius":0,"outX":0,"outY":0,"radius":15,"rx":1931,"ry":1616,"w":2048,"x":1891,"y":1545},{"areaColor":[145,10,30,255],"h":2048,"identify":114,"lx":1777,"ly":1419,"originColor":[123,139,34,255],"outRadius":0,"outX":0,"outY":0,"radius":36,"rx":1922,"ry":1518,"w":2048,"x":1877,"y":1454},{"areaColor":[115,10,30,255],"h":2048,"identify":115,"lx":1708,"ly":1323,"originColor":[176,177,53,255],"outRadius":0,"outX":0,"outY":0,"radius":32,"rx":1860,"ry":1482,"w":2048,"x":1797,"y":1392},{"areaColor":[110,10,30,255],"h":2048,"identify":116,"lx":1934,"ly":1309,"originColor":[166,170,102,255],"outRadius":0,"outX":0,"outY":0,"radius":26,"rx":2047,"ry":1453,"w":2048,"x":2020,"y":1373},{"areaColor":[90,5,30,255],"h":2048,"identify":117,"lx":1793,"ly":957,"originColor":[223,222,85,255],"outRadius":0,"outX":0,"outY":0,"radius":95,"rx":2047,"ry":1321,"w":2048,"x":1951,"y":1190},{"areaColor":[50,5,30,255],"h":2048,"identify":118,"lx":1873,"ly":887,"originColor":[150,136,63,255],"outRadius":0,"outX":0,"outY":0,"radius":23,"rx":2047,"ry":993,"w":2048,"x":1980,"y":922},{"areaColor":[10,5,30,255],"h":2048,"identify":119,"lx":1830,"ly":784,"originColor":[102,116,81,255],"outRadius":0,"outX":0,"outY":0,"radius":31,"rx":2047,"ry":929,"w":2048,"x":1890,"y":833},{"areaColor":[65,0,30,255],"h":2048,"identify":120,"lx":1633,"ly":0,"originColor":[89,108,48,255],"outRadius":0,"outX":0,"outY":0,"radius":136,"rx":2047,"ry":680,"w":2048,"x":1857,"y":213},{"areaColor":[125,0,30,255],"h":2048,"identify":121,"lx":1814,"ly":412,"originColor":[132,129,63,255],"outRadius":0,"outX":0,"outY":0,"radius":22,"rx":1934,"ry":678,"w":2048,"x":1867,"y":621},{"areaColor":[70,0,30,255],"h":2048,"identify":122,"lx":1986,"ly":122,"originColor":[163,189,12,255],"outRadius":0,"outX":0,"outY":0,"radius":30,"rx":2047,"ry":375,"w":2048,"x":2017,"y":269},{"areaColor":[120,0,30,255],"h":2048,"identify":123,"lx":1397,"ly":0,"originColor":[197,200,176,255],"outRadius":0,"outX":0,"outY":0,"radius":28,"rx":1642,"ry":780,"w":2048,"x":1611,"y":652},{"areaColor":[50,0,30,255],"h":2048,"identify":124,"lx":1399,"ly":0,"originColor":[191,201,194,255],"outRadius":0,"outX":0,"outY":0,"radius":17,"rx":1497,"ry":272,"w":2048,"x":1477,"y":238},{"areaColor":[130,5,30,255],"h":2048,"identify":125,"lx":1294,"ly":1001,"originColor":[253,154,69,255],"outRadius":0,"outX":0,"outY":0,"radius":49,"rx":1781,"ry":1382,"w":2048,"x":1677,"y":1233},{"areaColor":[140,5,30,255],"h":2048,"identify":126,"lx":1624,"ly":1014,"originColor":[247,171,119,255],"outRadius":0,"outX":0,"outY":0,"radius":11,"rx":1663,"ry":1077,"w":2048,"x":1639,"y":1055},{"areaColor":[225,0,30,255],"h":2048,"identify":127,"lx":1510,"ly":706,"originColor":[244,202,182,255],"outRadius":0,"outX":0,"outY":0,"radius":94,"rx":1787,"ry":1108,"w":2048,"x":1665,"y":871}]