[{"areaColor":[5,0,30,255],"groupId":0,"h":2048,"identify":0,"lx":0,"ly":0,"originColor":[255,255,255,255],"outRadius":0,"outX":0,"outY":0,"radius":348,"rx":2047,"ry":2047,"w":2048,"x":348,"y":348},{"areaColor":[165,0,30,255],"groupId":0,"h":2048,"identify":1,"lx":52,"ly":1063,"originColor":[249,249,249,255],"outRadius":0,"outX":0,"outY":0,"radius":127,"rx":2000,"ry":1807,"w":2048,"x":1833,"y":1275},{"areaColor":[190,0,30,255],"groupId":0,"h":2048,"identify":2,"lx":984,"ly":1259,"originColor":[245,246,245,255],"outRadius":0,"outX":0,"outY":0,"radius":98,"rx":1720,"ry":1645,"w":2048,"x":1577,"y":1398},{"areaColor":[120,0,30,255],"groupId":0,"h":2048,"identify":3,"lx":916,"ly":723,"originColor":[236,236,236,255],"outRadius":0,"outX":0,"outY":0,"radius":162,"rx":1855,"ry":1673,"w":2048,"x":1505,"y":1126},{"areaColor":[75,0,30,255],"groupId":0,"h":2048,"identify":4,"lx":319,"ly":531,"originColor":[255,255,255,255],"outRadius":0,"outX":0,"outY":0,"radius":104,"rx":1843,"ry":1352,"w":2048,"x":1181,"y":960},{"areaColor":[125,0,30,255],"groupId":0,"h":2048,"identify":5,"lx":145,"ly":811,"originColor":[230,230,230,255],"outRadius":0,"outX":0,"outY":0,"radius":34,"rx":1027,"ry":1691,"w":2048,"x":218,"y":1406},{"areaColor":[185,0,30,255],"groupId":0,"h":2048,"identify":6,"lx":474,"ly":1219,"originColor":[255,255,255,255],"outRadius":0,"outX":0,"outY":0,"radius":39,"rx":622,"ry":1346,"w":2048,"x":515,"y":1273},{"areaColor":[175,0,30,255],"groupId":0,"h":2048,"identify":7,"lx":441,"ly":1156,"originColor":[255,255,255,255],"outRadius":0,"outX":0,"outY":0,"radius":35,"rx":696,"ry":1412,"w":2048,"x":651,"y":1369},{"areaColor":[170,0,30,255],"groupId":0,"h":2048,"identify":8,"lx":488,"ly":1134,"originColor":[255,255,255,255],"outRadius":0,"outX":0,"outY":0,"radius":20,"rx":707,"ry":1411,"w":2048,"x":599,"y":1188},{"areaColor":[160,0,30,255],"groupId":0,"h":2048,"identify":9,"lx":191,"ly":846,"originColor":[255,255,255,255],"outRadius":0,"outX":0,"outY":0,"radius":55,"rx":989,"ry":1643,"w":2048,"x":522,"y":1077},{"areaColor":[145,0,30,255],"groupId":0,"h":2048,"identify":10,"lx":194,"ly":849,"originColor":[255,255,255,255],"outRadius":0,"outX":0,"outY":0,"radius":48,"rx":986,"ry":1640,"w":2048,"x":851,"y":1584},{"areaColor":[150,0,30,255],"groupId":0,"h":2048,"identify":11,"lx":263,"ly":922,"originColor":[240,240,240,255],"outRadius":0,"outX":0,"outY":0,"radius":42,"rx":920,"ry":1557,"w":2048,"x":789,"y":1162},{"areaColor":[90,0,30,255],"groupId":0,"h":2048,"identify":12,"lx":730,"ly":548,"originColor":[255,255,255,255],"outRadius":0,"outX":0,"outY":0,"radius":51,"rx":1052,"ry":889,"w":2048,"x":996,"y":780},{"areaColor":[105,0,30,255],"groupId":0,"h":2048,"identify":13,"lx":817,"ly":644,"originColor":[255,255,255,255],"outRadius":0,"outX":0,"outY":0,"radius":54,"rx":944,"ry":868,"w":2048,"x":888,"y":797},{"areaColor":[65,0,30,255],"groupId":0,"h":2048,"identify":14,"lx":880,"ly":496,"originColor":[255,255,255,255],"outRadius":0,"outX":0,"outY":0,"radius":30,"rx":1114,"ry":796,"w":2048,"x":1076,"y":728},{"areaColor":[85,0,30,255],"groupId":0,"h":2048,"identify":15,"lx":1012,"ly":544,"originColor":[255,255,255,255],"outRadius":0,"outX":0,"outY":0,"radius":12,"rx":1126,"ry":705,"w":2048,"x":1108,"y":665},{"areaColor":[60,0,30,255],"groupId":0,"h":2048,"identify":16,"lx":942,"ly":461,"originColor":[255,255,255,255],"outRadius":0,"outX":0,"outY":0,"radius":51,"rx":1226,"ry":779,"w":2048,"x":1171,"y":717},{"areaColor":[70,0,30,255],"groupId":0,"h":2048,"identify":17,"lx":1159,"ly":501,"originColor":[255,255,255,255],"outRadius":0,"outX":0,"outY":0,"radius":22,"rx":1252,"ry":689,"w":2048,"x":1184,"y":548},{"areaColor":[50,0,30,255],"groupId":0,"h":2048,"identify":18,"lx":1091,"ly":415,"originColor":[255,255,255,255],"outRadius":0,"outX":0,"outY":0,"radius":47,"rx":1348,"ry":732,"w":2048,"x":1297,"y":679},{"areaColor":[55,0,30,255],"groupId":0,"h":2048,"identify":19,"lx":1320,"ly":422,"originColor":[255,255,255,255],"outRadius":0,"outX":0,"outY":0,"radius":48,"rx":1428,"ry":693,"w":2048,"x":1375,"y":544},{"areaColor":[30,0,30,255],"groupId":0,"h":2048,"identify":20,"lx":1219,"ly":323,"originColor":[255,255,255,255],"outRadius":0,"outX":0,"outY":0,"radius":54,"rx":1534,"ry":679,"w":2048,"x":1308,"y":439},{"areaColor":[115,0,30,255],"groupId":0,"h":2048,"identify":21,"lx":1217,"ly":407,"originColor":[255,255,255,255],"outRadius":0,"outX":0,"outY":0,"radius":48,"rx":1697,"ry":861,"w":2048,"x":1334,"y":780},{"areaColor":[45,0,30,255],"groupId":0,"h":2048,"identify":22,"lx":1495,"ly":408,"originColor":[255,255,255,255],"outRadius":0,"outX":0,"outY":0,"radius":40,"rx":1692,"ry":589,"w":2048,"x":1577,"y":448},{"areaColor":[20,0,30,255],"groupId":0,"h":2048,"identify":23,"lx":1315,"ly":262,"originColor":[255,255,255,255],"outRadius":0,"outX":0,"outY":0,"radius":25,"rx":1627,"ry":411,"w":2048,"x":1521,"y":380},{"areaColor":[15,0,30,255],"groupId":0,"h":2048,"identify":24,"lx":1160,"ly":250,"originColor":[255,255,255,255],"outRadius":0,"outX":0,"outY":0,"radius":28,"rx":1358,"ry":440,"w":2048,"x":1210,"y":388},{"areaColor":[10,0,30,255],"groupId":0,"h":2048,"identify":25,"lx":1256,"ly":254,"originColor":[255,255,255,255],"outRadius":0,"outX":0,"outY":0,"radius":36,"rx":1354,"ry":373,"w":2048,"x":1304,"y":297},{"areaColor":[25,0,30,255],"groupId":0,"h":2048,"identify":26,"lx":1011,"ly":310,"originColor":[255,255,255,255],"outRadius":0,"outX":0,"outY":0,"radius":24,"rx":1191,"ry":502,"w":2048,"x":1111,"y":405},{"areaColor":[40,0,30,255],"groupId":0,"h":2048,"identify":27,"lx":1136,"ly":346,"originColor":[255,255,255,255],"outRadius":0,"outX":0,"outY":0,"radius":20,"rx":1189,"ry":422,"w":2048,"x":1157,"y":386},{"areaColor":[100,0,30,255],"groupId":0,"h":2048,"identify":28,"lx":745,"ly":541,"originColor":[255,255,255,255],"outRadius":0,"outX":0,"outY":0,"radius":14,"rx":882,"ry":674,"w":2048,"x":765,"y":602},{"areaColor":[80,0,30,255],"groupId":0,"h":2048,"identify":29,"lx":819,"ly":545,"originColor":[255,255,255,255],"outRadius":0,"outX":0,"outY":0,"radius":20,"rx":879,"ry":618,"w":2048,"x":850,"y":566},{"areaColor":[95,0,30,255],"groupId":0,"h":2048,"identify":30,"lx":564,"ly":561,"originColor":[255,255,255,255],"outRadius":0,"outX":0,"outY":0,"radius":41,"rx":772,"ry":791,"w":2048,"x":617,"y":685}]