[{"areaColor":[130,0,30,255],"groupId":0,"h":2560,"identify":0,"lx":686,"ly":567,"originColor":[79,79,79,255],"outRadius":0,"outX":0,"outY":0,"radius":14,"rx":874,"ry":656,"w":1440,"x":857,"y":590},{"areaColor":[180,0,30,255],"groupId":0,"h":2560,"identify":1,"lx":687,"ly":615,"originColor":[117,117,117,255],"outRadius":0,"outX":0,"outY":0,"radius":12,"rx":725,"ry":654,"w":1440,"x":702,"y":638},{"areaColor":[175,0,30,255],"groupId":0,"h":2560,"identify":2,"lx":666,"ly":555,"originColor":[255,253,253,255],"outRadius":0,"outX":0,"outY":0,"radius":6,"rx":894,"ry":657,"w":1440,"x":729,"y":619},{"areaColor":[115,0,30,255],"groupId":0,"h":2560,"identify":3,"lx":817,"ly":560,"originColor":[255,249,249,255],"outRadius":0,"outX":0,"outY":0,"radius":8,"rx":890,"ry":610,"w":1440,"x":883,"y":592},{"areaColor":[185,0,30,255],"groupId":0,"h":2560,"identify":4,"lx":694,"ly":571,"originColor":[248,248,248,255],"outRadius":0,"outX":0,"outY":0,"radius":3,"rx":845,"ry":624,"w":1440,"x":699,"y":620},{"areaColor":[145,0,30,255],"groupId":0,"h":2560,"identify":5,"lx":838,"ly":573,"originColor":[226,226,226,255],"outRadius":0,"outX":0,"outY":0,"radius":2,"rx":844,"ry":578,"w":1440,"x":841,"y":576},{"areaColor":[70,0,30,255],"groupId":0,"h":2560,"identify":6,"lx":478,"ly":433,"originColor":[255,255,255,255],"outRadius":0,"outX":0,"outY":0,"radius":54,"rx":1036,"ry":2348,"w":1440,"x":763,"y":561},{"areaColor":[220,0,30,255],"groupId":0,"h":2560,"identify":7,"lx":660,"ly":685,"originColor":[236,236,236,255],"outRadius":0,"outX":0,"outY":0,"radius":4,"rx":691,"ry":725,"w":1440,"x":666,"y":692},{"areaColor":[250,0,30,255],"groupId":0,"h":2560,"identify":8,"lx":670,"ly":705,"originColor":[236,236,236,255],"outRadius":0,"outX":0,"outY":0,"radius":3,"rx":690,"ry":730,"w":1440,"x":673,"y":715},{"areaColor":[240,0,30,255],"groupId":0,"h":2560,"identify":9,"lx":659,"ly":699,"originColor":[236,236,236,255],"outRadius":0,"outX":0,"outY":0,"radius":5,"rx":702,"ry":742,"w":1440,"x":694,"y":738},{"areaColor":[195,0,30,255],"groupId":0,"h":2560,"identify":10,"lx":932,"ly":644,"originColor":[255,255,255,255],"outRadius":0,"outX":0,"outY":0,"radius":6,"rx":949,"ry":677,"w":1440,"x":944,"y":663},{"areaColor":[255,0,30,255],"groupId":0,"h":2560,"identify":11,"lx":785,"ly":729,"originColor":[255,255,255,255],"outRadius":0,"outX":0,"outY":0,"radius":20,"rx":907,"ry":828,"w":1440,"x":883,"y":785},{"areaColor":[190,10,30,255],"groupId":0,"h":2560,"identify":12,"lx":835,"ly":1438,"originColor":[252,252,252,255],"outRadius":0,"outX":0,"outY":0,"radius":37,"rx":945,"ry":1587,"w":1440,"x":900,"y":1518},{"areaColor":[210,10,30,255],"groupId":0,"h":2560,"identify":13,"lx":950,"ly":1460,"originColor":[246,246,246,255],"outRadius":0,"outX":0,"outY":0,"radius":36,"rx":1033,"ry":1594,"w":1440,"x":994,"y":1528},{"areaColor":[90,15,30,255],"groupId":0,"h":2560,"identify":14,"lx":481,"ly":1942,"originColor":[255,255,255,255],"outRadius":0,"outX":0,"outY":0,"radius":59,"rx":634,"ry":2343,"w":1440,"x":564,"y":2076},{"areaColor":[125,15,30,255],"groupId":0,"h":2560,"identify":15,"lx":686,"ly":2081,"originColor":[255,248,248,255],"outRadius":0,"outX":0,"outY":0,"radius":55,"rx":826,"ry":2282,"w":1440,"x":761,"y":2210},{"areaColor":[25,0,30,255],"groupId":0,"h":2560,"identify":16,"lx":267,"ly":324,"originColor":[249,249,249,255],"outRadius":0,"outX":0,"outY":0,"radius":41,"rx":1279,"ry":1153,"w":1440,"x":1038,"y":591},{"areaColor":[30,0,30,255],"groupId":0,"h":2560,"identify":17,"lx":516,"ly":328,"originColor":[249,249,249,255],"outRadius":0,"outX":0,"outY":0,"radius":29,"rx":826,"ry":563,"w":1440,"x":732,"y":361},{"areaColor":[80,0,30,255],"groupId":0,"h":2560,"identify":18,"lx":271,"ly":452,"originColor":[249,249,249,255],"outRadius":0,"outX":0,"outY":0,"radius":37,"rx":688,"ry":1041,"w":1440,"x":548,"y":638},{"areaColor":[165,0,30,255],"groupId":0,"h":2560,"identify":19,"lx":618,"ly":604,"originColor":[234,234,234,255],"outRadius":0,"outX":0,"outY":0,"radius":14,"rx":662,"ry":689,"w":1440,"x":632,"y":646},{"areaColor":[155,0,30,255],"groupId":0,"h":2560,"identify":20,"lx":616,"ly":576,"originColor":[244,244,244,255],"outRadius":0,"outX":0,"outY":0,"radius":7,"rx":637,"ry":625,"w":1440,"x":630,"y":594},{"areaColor":[245,0,30,255],"groupId":0,"h":2560,"identify":21,"lx":911,"ly":700,"originColor":[239,239,239,255],"outRadius":0,"outX":0,"outY":0,"radius":17,"rx":1001,"ry":885,"w":1440,"x":932,"y":780},{"areaColor":[50,5,30,255],"groupId":0,"h":2560,"identify":22,"lx":910,"ly":786,"originColor":[234,234,234,255],"outRadius":0,"outX":0,"outY":0,"radius":20,"rx":973,"ry":862,"w":1440,"x":951,"y":837},{"areaColor":[45,5,30,255],"groupId":0,"h":2560,"identify":23,"lx":717,"ly":783,"originColor":[236,236,236,255],"outRadius":0,"outX":0,"outY":0,"radius":24,"rx":783,"ry":856,"w":1440,"x":759,"y":820},{"areaColor":[15,5,30,255],"groupId":0,"h":2560,"identify":24,"lx":409,"ly":734,"originColor":[240,240,240,255],"outRadius":0,"outX":0,"outY":0,"radius":30,"rx":720,"ry":1063,"w":1440,"x":493,"y":839},{"areaColor":[30,5,30,255],"groupId":0,"h":2560,"identify":25,"lx":703,"ly":766,"originColor":[239,239,239,255],"outRadius":0,"outX":0,"outY":0,"radius":13,"rx":752,"ry":811,"w":1440,"x":734,"y":787},{"areaColor":[215,0,30,255],"groupId":0,"h":2560,"identify":26,"lx":513,"ly":681,"originColor":[249,249,249,255],"outRadius":0,"outX":0,"outY":0,"radius":34,"rx":644,"ry":786,"w":1440,"x":610,"y":727},{"areaColor":[70,5,30,255],"groupId":0,"h":2560,"identify":27,"lx":432,"ly":802,"originColor":[238,238,238,255],"outRadius":0,"outX":0,"outY":0,"radius":12,"rx":485,"ry":896,"w":1440,"x":445,"y":850},{"areaColor":[20,5,30,255],"groupId":0,"h":2560,"identify":28,"lx":385,"ly":750,"originColor":[240,240,240,255],"outRadius":0,"outX":0,"outY":0,"radius":9,"rx":455,"ry":807,"w":1440,"x":431,"y":760},{"areaColor":[105,5,30,255],"groupId":0,"h":2560,"identify":29,"lx":449,"ly":849,"originColor":[239,239,239,255],"outRadius":0,"outX":0,"outY":0,"radius":32,"rx":600,"ry":1085,"w":1440,"x":544,"y":884},{"areaColor":[185,5,30,255],"groupId":0,"h":2560,"identify":30,"lx":533,"ly":907,"originColor":[239,239,239,255],"outRadius":0,"outX":0,"outY":0,"radius":32,"rx":598,"ry":1078,"w":1440,"x":566,"y":957},{"areaColor":[230,5,30,255],"groupId":0,"h":2560,"identify":31,"lx":501,"ly":996,"originColor":[241,241,241,255],"outRadius":0,"outX":0,"outY":0,"radius":20,"rx":608,"ry":1149,"w":1440,"x":586,"y":1090},{"areaColor":[80,5,30,255],"groupId":0,"h":2560,"identify":32,"lx":1014,"ly":822,"originColor":[246,246,246,255],"outRadius":0,"outX":0,"outY":0,"radius":22,"rx":1152,"ry":983,"w":1440,"x":1053,"y":857},{"areaColor":[90,5,30,255],"groupId":0,"h":2560,"identify":33,"lx":1052,"ly":841,"originColor":[239,239,239,255],"outRadius":0,"outX":0,"outY":0,"radius":33,"rx":1161,"ry":948,"w":1440,"x":1101,"y":901},{"areaColor":[55,5,30,255],"groupId":0,"h":2560,"identify":34,"lx":1109,"ly":788,"originColor":[226,226,226,255],"outRadius":0,"outX":0,"outY":0,"radius":23,"rx":1219,"ry":996,"w":1440,"x":1187,"y":860},{"areaColor":[40,5,30,255],"groupId":0,"h":2560,"identify":35,"lx":1148,"ly":775,"originColor":[247,247,247,255],"outRadius":0,"outX":0,"outY":0,"radius":29,"rx":1274,"ry":1000,"w":1440,"x":1215,"y":810},{"areaColor":[205,5,30,255],"groupId":0,"h":2560,"identify":36,"lx":1105,"ly":971,"originColor":[239,239,239,255],"outRadius":0,"outX":0,"outY":0,"radius":15,"rx":1163,"ry":1058,"w":1440,"x":1137,"y":993},{"areaColor":[130,5,30,255],"groupId":0,"h":2560,"identify":37,"lx":1192,"ly":866,"originColor":[244,244,244,255],"outRadius":0,"outX":0,"outY":0,"radius":15,"rx":1249,"ry":972,"w":1440,"x":1208,"y":941},{"areaColor":[215,5,30,255],"groupId":0,"h":2560,"identify":38,"lx":1083,"ly":974,"originColor":[235,235,235,255],"outRadius":0,"outX":0,"outY":0,"radius":11,"rx":1105,"ry":1011,"w":1440,"x":1094,"y":999},{"areaColor":[60,0,30,255],"groupId":0,"h":2560,"identify":39,"lx":861,"ly":417,"originColor":[222,222,222,255],"outRadius":0,"outX":0,"outY":0,"radius":1,"rx":890,"ry":427,"w":1440,"x":888,"y":420},{"areaColor":[15,0,30,255],"groupId":0,"h":2560,"identify":40,"lx":480,"ly":187,"originColor":[223,223,223,255],"outRadius":0,"outX":0,"outY":0,"radius":84,"rx":1141,"ry":690,"w":1440,"x":590,"y":350},{"areaColor":[125,0,30,255],"groupId":0,"h":2560,"identify":41,"lx":507,"ly":564,"originColor":[210,210,210,255],"outRadius":0,"outX":0,"outY":0,"radius":13,"rx":574,"ry":598,"w":1440,"x":530,"y":582},{"areaColor":[230,0,30,255],"groupId":0,"h":2560,"identify":42,"lx":758,"ly":683,"originColor":[236,236,236,255],"outRadius":0,"outX":0,"outY":0,"radius":19,"rx":853,"ry":743,"w":1440,"x":813,"y":720},{"areaColor":[225,0,30,255],"groupId":0,"h":2560,"identify":43,"lx":761,"ly":683,"originColor":[250,250,250,255],"outRadius":0,"outX":0,"outY":0,"radius":5,"rx":844,"ry":711,"w":1440,"x":806,"y":693},{"areaColor":[100,0,30,255],"groupId":0,"h":2560,"identify":44,"lx":656,"ly":498,"originColor":[207,207,207,255],"outRadius":0,"outX":0,"outY":0,"radius":2,"rx":861,"ry":574,"w":1440,"x":686,"y":546},{"areaColor":[90,0,30,255],"groupId":0,"h":2560,"identify":45,"lx":801,"ly":499,"originColor":[208,208,208,255],"outRadius":0,"outX":0,"outY":0,"radius":2,"rx":858,"ry":514,"w":1440,"x":829,"y":500},{"areaColor":[75,5,30,255],"groupId":0,"h":2560,"identify":46,"lx":778,"ly":806,"originColor":[248,248,248,255],"outRadius":0,"outX":0,"outY":0,"radius":21,"rx":1034,"ry":1185,"w":1440,"x":825,"y":841},{"areaColor":[160,5,30,255],"groupId":0,"h":2560,"identify":47,"lx":801,"ly":889,"originColor":[248,248,248,255],"outRadius":0,"outX":0,"outY":0,"radius":40,"rx":896,"ry":1134,"w":1440,"x":850,"y":1013},{"areaColor":[170,5,30,255],"groupId":0,"h":2560,"identify":48,"lx":859,"ly":893,"originColor":[234,234,234,255],"outRadius":0,"outX":0,"outY":0,"radius":38,"rx":966,"ry":1153,"w":1440,"x":925,"y":1048},{"areaColor":[180,5,30,255],"groupId":0,"h":2560,"identify":49,"lx":920,"ly":900,"originColor":[249,249,249,255],"outRadius":0,"outX":0,"outY":0,"radius":32,"rx":1032,"ry":1181,"w":1440,"x":999,"y":1062},{"areaColor":[140,5,30,255],"groupId":0,"h":2560,"identify":50,"lx":788,"ly":869,"originColor":[251,251,251,255],"outRadius":0,"outX":0,"outY":0,"radius":3,"rx":800,"ry":893,"w":1440,"x":796,"y":877},{"areaColor":[45,10,30,255],"groupId":0,"h":2560,"identify":51,"lx":665,"ly":859,"originColor":[222,222,222,255],"outRadius":0,"outX":0,"outY":0,"radius":31,"rx":999,"ry":1274,"w":1440,"x":866,"y":1173},{"areaColor":[120,5,30,255],"groupId":0,"h":2560,"identify":52,"lx":762,"ly":862,"originColor":[229,229,229,255],"outRadius":0,"outX":0,"outY":0,"radius":12,"rx":807,"ry":1106,"w":1440,"x":796,"y":963},{"areaColor":[165,5,30,255],"groupId":0,"h":2560,"identify":53,"lx":968,"ly":892,"originColor":[207,207,207,255],"outRadius":0,"outX":0,"outY":0,"radius":7,"rx":997,"ry":947,"w":1440,"x":978,"y":899},{"areaColor":[70,10,30,255],"groupId":0,"h":2560,"identify":54,"lx":671,"ly":1155,"originColor":[213,213,213,255],"outRadius":0,"outX":0,"outY":0,"radius":9,"rx":692,"ry":1218,"w":1440,"x":680,"y":1201},{"areaColor":[150,5,30,255],"groupId":0,"h":2560,"identify":55,"lx":801,"ly":859,"originColor":[208,208,208,255],"outRadius":0,"outX":0,"outY":0,"radius":10,"rx":965,"ry":990,"w":1440,"x":868,"y":950},{"areaColor":[115,5,30,255],"groupId":0,"h":2560,"identify":56,"lx":803,"ly":861,"originColor":[209,209,209,255],"outRadius":0,"outX":0,"outY":0,"radius":13,"rx":882,"ry":906,"w":1440,"x":818,"y":884},{"areaColor":[155,5,30,255],"groupId":0,"h":2560,"identify":57,"lx":895,"ly":885,"originColor":[209,209,209,255],"outRadius":0,"outX":0,"outY":0,"radius":7,"rx":962,"ry":988,"w":1440,"x":922,"y":914},{"areaColor":[135,5,30,255],"groupId":0,"h":2560,"identify":58,"lx":906,"ly":867,"originColor":[213,213,213,255],"outRadius":0,"outX":0,"outY":0,"radius":6,"rx":963,"ry":912,"w":1440,"x":953,"y":897},{"areaColor":[125,5,30,255],"groupId":0,"h":2560,"identify":59,"lx":884,"ly":862,"originColor":[210,210,210,255],"outRadius":0,"outX":0,"outY":0,"radius":8,"rx":904,"ry":882,"w":1440,"x":894,"y":872},{"areaColor":[65,5,30,255],"groupId":0,"h":2560,"identify":60,"lx":0,"ly":793,"originColor":[229,229,229,255],"outRadius":0,"outX":0,"outY":0,"radius":81,"rx":1260,"ry":2228,"w":1440,"x":685,"y":905},{"areaColor":[145,5,30,255],"groupId":0,"h":2560,"identify":61,"lx":964,"ly":882,"originColor":[229,229,229,255],"outRadius":0,"outX":0,"outY":0,"radius":55,"rx":1087,"ry":1502,"w":1440,"x":1030,"y":1206},{"areaColor":[140,10,30,255],"groupId":0,"h":2560,"identify":62,"lx":0,"ly":1302,"originColor":[230,230,230,255],"outRadius":0,"outX":0,"outY":0,"radius":183,"rx":1255,"ry":2223,"w":1440,"x":233,"y":1602},{"areaColor":[105,10,30,255],"groupId":0,"h":2560,"identify":63,"lx":496,"ly":1227,"originColor":[229,229,229,255],"outRadius":0,"outX":0,"outY":0,"radius":35,"rx":711,"ry":1370,"w":1440,"x":669,"y":1272},{"areaColor":[100,10,30,255],"groupId":0,"h":2560,"identify":64,"lx":295,"ly":1215,"originColor":[229,229,229,255],"outRadius":0,"outX":0,"outY":0,"radius":38,"rx":692,"ry":1412,"w":1440,"x":462,"y":1343},{"areaColor":[125,10,30,255],"groupId":0,"h":2560,"identify":65,"lx":887,"ly":1275,"originColor":[227,227,227,255],"outRadius":0,"outX":0,"outY":0,"radius":23,"rx":975,"ry":1521,"w":1440,"x":948,"y":1455},{"areaColor":[70,15,30,255],"groupId":0,"h":2560,"identify":66,"lx":0,"ly":1839,"originColor":[223,223,223,255],"outRadius":0,"outX":0,"outY":0,"radius":82,"rx":456,"ry":2114,"w":1440,"x":163,"y":1985},{"areaColor":[75,15,30,255],"groupId":0,"h":2560,"identify":67,"lx":278,"ly":1865,"originColor":[198,198,198,255],"outRadius":0,"outX":0,"outY":0,"radius":35,"rx":375,"ry":1970,"w":1440,"x":331,"y":1901},{"areaColor":[215,10,30,255],"groupId":0,"h":2560,"identify":68,"lx":0,"ly":1561,"originColor":[222,222,222,255],"outRadius":0,"outX":0,"outY":0,"radius":54,"rx":138,"ry":1931,"w":1440,"x":55,"y":1797},{"areaColor":[65,15,30,255],"groupId":0,"h":2560,"identify":69,"lx":0,"ly":1838,"originColor":[227,227,227,255],"outRadius":0,"outX":0,"outY":0,"radius":37,"rx":89,"ry":1946,"w":1440,"x":37,"y":1903},{"areaColor":[85,15,30,255],"groupId":0,"h":2560,"identify":70,"lx":283,"ly":1925,"originColor":[223,223,223,255],"outRadius":0,"outX":0,"outY":0,"radius":55,"rx":513,"ry":2202,"w":1440,"x":452,"y":2146},{"areaColor":[140,15,30,255],"groupId":0,"h":2560,"identify":71,"lx":281,"ly":2100,"originColor":[227,227,227,255],"outRadius":0,"outX":0,"outY":0,"radius":16,"rx":397,"ry":2145,"w":1440,"x":353,"y":2116},{"areaColor":[105,15,30,255],"groupId":0,"h":2560,"identify":72,"lx":629,"ly":2043,"originColor":[223,223,223,255],"outRadius":0,"outX":0,"outY":0,"radius":29,"rx":690,"ry":2179,"w":1440,"x":659,"y":2094},{"areaColor":[145,15,30,255],"groupId":0,"h":2560,"identify":73,"lx":803,"ly":2126,"originColor":[223,223,223,255],"outRadius":0,"outX":0,"outY":0,"radius":25,"rx":897,"ry":2191,"w":1440,"x":832,"y":2153},{"areaColor":[10,15,30,255],"groupId":0,"h":2560,"identify":74,"lx":775,"ly":1560,"originColor":[232,232,232,255],"outRadius":0,"outX":0,"outY":0,"radius":3,"rx":1058,"ry":1599,"w":1440,"x":1051,"y":1584},{"areaColor":[30,15,30,255],"groupId":0,"h":2560,"identify":75,"lx":1015,"ly":1587,"originColor":[217,217,217,255],"outRadius":0,"outX":0,"outY":0,"radius":5,"rx":1048,"ry":1597,"w":1440,"x":1022,"y":1591},{"areaColor":[245,10,30,255],"groupId":0,"h":2560,"identify":76,"lx":956,"ly":1577,"originColor":[227,227,227,255],"outRadius":0,"outX":0,"outY":0,"radius":2,"rx":967,"ry":1589,"w":1440,"x":962,"y":1585},{"areaColor":[230,10,30,255],"groupId":0,"h":2560,"identify":77,"lx":857,"ly":1568,"originColor":[202,202,202,255],"outRadius":0,"outX":0,"outY":0,"radius":4,"rx":870,"ry":1580,"w":1440,"x":865,"y":1577},{"areaColor":[240,10,30,255],"groupId":0,"h":2560,"identify":78,"lx":801,"ly":1569,"originColor":[195,195,195,255],"outRadius":0,"outX":0,"outY":0,"radius":5,"rx":832,"ry":1578,"w":1440,"x":815,"y":1574},{"areaColor":[220,10,30,255],"groupId":0,"h":2560,"identify":79,"lx":777,"ly":1562,"originColor":[225,225,225,255],"outRadius":0,"outX":0,"outY":0,"radius":8,"rx":837,"ry":1576,"w":1440,"x":789,"y":1569},{"areaColor":[235,10,30,255],"groupId":0,"h":2560,"identify":80,"lx":893,"ly":1568,"originColor":[200,200,200,255],"outRadius":0,"outX":0,"outY":0,"radius":3,"rx":902,"ry":1583,"w":1440,"x":898,"y":1579},{"areaColor":[225,5,30,255],"groupId":0,"h":2560,"identify":81,"lx":886,"ly":991,"originColor":[247,247,247,255],"outRadius":0,"outX":0,"outY":0,"radius":7,"rx":980,"ry":1709,"w":1440,"x":933,"y":999},{"areaColor":[75,10,30,255],"groupId":0,"h":2560,"identify":82,"lx":897,"ly":1185,"originColor":[216,216,216,255],"outRadius":0,"outX":0,"outY":0,"radius":5,"rx":909,"ry":1196,"w":1440,"x":903,"y":1190},{"areaColor":[110,10,30,255],"groupId":0,"h":2560,"identify":83,"lx":887,"ly":1234,"originColor":[199,199,199,255],"outRadius":0,"outX":0,"outY":0,"radius":5,"rx":898,"ry":1245,"w":1440,"x":893,"y":1239},{"areaColor":[90,10,30,255],"groupId":0,"h":2560,"identify":84,"lx":933,"ly":1200,"originColor":[208,208,208,255],"outRadius":0,"outX":0,"outY":0,"radius":4,"rx":941,"ry":1211,"w":1440,"x":937,"y":1205},{"areaColor":[120,10,30,255],"groupId":0,"h":2560,"identify":85,"lx":919,"ly":1244,"originColor":[223,223,223,255],"outRadius":0,"outX":0,"outY":0,"radius":4,"rx":928,"ry":1254,"w":1440,"x":924,"y":1248},{"areaColor":[45,15,30,255],"groupId":0,"h":2560,"identify":86,"lx":936,"ly":1668,"originColor":[240,240,240,255],"outRadius":0,"outX":0,"outY":0,"radius":19,"rx":978,"ry":1707,"w":1440,"x":957,"y":1688},{"areaColor":[40,15,30,255],"groupId":0,"h":2560,"identify":87,"lx":758,"ly":1577,"originColor":[226,226,226,255],"outRadius":0,"outX":0,"outY":0,"radius":51,"rx":1138,"ry":1849,"w":1440,"x":1062,"y":1754},{"areaColor":[250,10,30,255],"groupId":0,"h":2560,"identify":88,"lx":776,"ly":1579,"originColor":[226,226,226,255],"outRadius":0,"outX":0,"outY":0,"radius":53,"rx":1109,"ry":1701,"w":1440,"x":849,"y":1638},{"areaColor":[255,10,30,255],"groupId":0,"h":2560,"identify":89,"lx":759,"ly":1581,"originColor":[214,214,214,255],"outRadius":0,"outX":0,"outY":0,"radius":27,"rx":1124,"ry":1847,"w":1440,"x":789,"y":1805},{"areaColor":[220,15,30,255],"groupId":0,"h":2560,"identify":90,"lx":507,"ly":2292,"originColor":[226,226,226,255],"outRadius":0,"outX":0,"outY":0,"radius":53,"rx":891,"ry":2559,"w":1440,"x":828,"y":2394},{"areaColor":[235,15,30,255],"groupId":0,"h":2560,"identify":91,"lx":511,"ly":2393,"originColor":[231,231,231,255],"outRadius":0,"outX":0,"outY":0,"radius":70,"rx":673,"ry":2559,"w":1440,"x":587,"y":2483},{"areaColor":[215,15,30,255],"groupId":0,"h":2560,"identify":92,"lx":504,"ly":2213,"originColor":[226,226,226,255],"outRadius":0,"outX":0,"outY":0,"radius":30,"rx":869,"ry":2431,"w":1440,"x":824,"y":2304},{"areaColor":[225,15,30,255],"groupId":0,"h":2560,"identify":93,"lx":508,"ly":2312,"originColor":[231,231,231,255],"outRadius":0,"outX":0,"outY":0,"radius":40,"rx":640,"ry":2428,"w":1440,"x":573,"y":2351},{"areaColor":[5,0,30,255],"groupId":0,"h":2560,"identify":94,"lx":0,"ly":0,"originColor":[224,224,224,255],"outRadius":0,"outX":0,"outY":0,"radius":200,"rx":1439,"ry":690,"w":1440,"x":345,"y":200},{"areaColor":[10,0,30,255],"groupId":0,"h":2560,"identify":95,"lx":0,"ly":42,"originColor":[249,249,249,255],"outRadius":0,"outX":0,"outY":0,"radius":110,"rx":1439,"ry":1394,"w":1440,"x":1267,"y":526},{"areaColor":[235,0,30,255],"groupId":0,"h":2560,"identify":96,"lx":1177,"ly":689,"originColor":[247,247,247,255],"outRadius":0,"outX":0,"outY":0,"radius":10,"rx":1231,"ry":748,"w":1440,"x":1218,"y":727},{"areaColor":[190,0,30,255],"groupId":0,"h":2560,"identify":97,"lx":285,"ly":628,"originColor":[248,248,248,255],"outRadius":0,"outX":0,"outY":0,"radius":42,"rx":476,"ry":1016,"w":1440,"x":339,"y":886},{"areaColor":[20,0,30,255],"groupId":0,"h":2560,"identify":98,"lx":0,"ly":217,"originColor":[249,249,249,255],"outRadius":0,"outX":0,"outY":0,"radius":84,"rx":233,"ry":881,"w":1440,"x":143,"y":467},{"areaColor":[10,5,30,255],"groupId":0,"h":2560,"identify":99,"lx":356,"ly":732,"originColor":[249,249,249,255],"outRadius":0,"outX":0,"outY":0,"radius":21,"rx":422,"ry":825,"w":1440,"x":380,"y":754},{"areaColor":[255,5,30,255],"groupId":0,"h":2560,"identify":100,"lx":401,"ly":1057,"originColor":[248,248,248,255],"outRadius":0,"outX":0,"outY":0,"radius":65,"rx":664,"ry":1328,"w":1440,"x":471,"y":1201},{"areaColor":[85,10,30,255],"groupId":0,"h":2560,"identify":101,"lx":935,"ly":1197,"originColor":[246,246,246,255],"outRadius":0,"outX":0,"outY":0,"radius":18,"rx":976,"ry":1317,"w":1440,"x":955,"y":1267},{"areaColor":[250,5,30,255],"groupId":0,"h":2560,"identify":102,"lx":343,"ly":1051,"originColor":[244,244,244,255],"outRadius":0,"outX":0,"outY":0,"radius":11,"rx":369,"ry":1099,"w":1440,"x":357,"y":1063},{"areaColor":[120,0,30,255],"groupId":0,"h":2560,"identify":103,"lx":0,"ly":562,"originColor":[248,248,248,255],"outRadius":0,"outX":0,"outY":0,"radius":76,"rx":406,"ry":2183,"w":1440,"x":77,"y":1260},{"areaColor":[30,10,30,255],"groupId":0,"h":2560,"identify":104,"lx":149,"ly":1097,"originColor":[233,233,233,255],"outRadius":0,"outX":0,"outY":0,"radius":34,"rx":404,"ry":1409,"w":1440,"x":367,"y":1248},{"areaColor":[160,10,30,255],"groupId":0,"h":2560,"identify":105,"lx":219,"ly":1334,"originColor":[239,239,239,255],"outRadius":0,"outX":0,"outY":0,"radius":36,"rx":368,"ry":1410,"w":1440,"x":263,"y":1374},{"areaColor":[95,15,30,255],"groupId":0,"h":2560,"identify":106,"lx":0,"ly":2007,"originColor":[214,214,214,255],"outRadius":0,"outX":0,"outY":0,"radius":41,"rx":85,"ry":2181,"w":1440,"x":42,"y":2079},{"areaColor":[115,15,30,255],"groupId":0,"h":2560,"identify":107,"lx":113,"ly":2069,"originColor":[240,240,240,255],"outRadius":0,"outX":0,"outY":0,"radius":22,"rx":162,"ry":2177,"w":1440,"x":137,"y":2151},{"areaColor":[135,15,30,255],"groupId":0,"h":2560,"identify":108,"lx":193,"ly":2094,"originColor":[239,239,239,255],"outRadius":0,"outX":0,"outY":0,"radius":28,"rx":283,"ry":2160,"w":1440,"x":231,"y":2129},{"areaColor":[110,15,30,255],"groupId":0,"h":2560,"identify":109,"lx":79,"ly":2055,"originColor":[232,232,232,255],"outRadius":0,"outX":0,"outY":0,"radius":16,"rx":119,"ry":2177,"w":1440,"x":103,"y":2078},{"areaColor":[135,0,30,255],"groupId":0,"h":2560,"identify":110,"lx":0,"ly":571,"originColor":[240,240,240,255],"outRadius":0,"outX":0,"outY":0,"radius":10,"rx":45,"ry":1223,"w":1440,"x":20,"y":805},{"areaColor":[160,0,30,255],"groupId":0,"h":2560,"identify":111,"lx":0,"ly":581,"originColor":[246,246,246,255],"outRadius":0,"outX":0,"outY":0,"radius":11,"rx":22,"ry":898,"w":1440,"x":11,"y":623},{"areaColor":[200,10,30,255],"groupId":0,"h":2560,"identify":112,"lx":1058,"ly":1274,"originColor":[235,235,235,255],"outRadius":0,"outX":0,"outY":0,"radius":97,"rx":1421,"ry":2165,"w":1440,"x":1260,"y":1641},{"areaColor":[205,10,30,255],"groupId":0,"h":2560,"identify":113,"lx":1073,"ly":1458,"originColor":[223,223,223,255],"outRadius":0,"outX":0,"outY":0,"radius":28,"rx":1148,"ry":1676,"w":1440,"x":1108,"y":1512},{"areaColor":[175,10,30,255],"groupId":0,"h":2560,"identify":114,"lx":1063,"ly":1365,"originColor":[229,229,229,255],"outRadius":0,"outX":0,"outY":0,"radius":17,"rx":1130,"ry":1479,"w":1440,"x":1113,"y":1406},{"areaColor":[170,10,30,255],"groupId":0,"h":2560,"identify":115,"lx":1132,"ly":1362,"originColor":[237,237,237,255],"outRadius":0,"outX":0,"outY":0,"radius":36,"rx":1301,"ry":1437,"w":1440,"x":1222,"y":1400},{"areaColor":[185,10,30,255],"groupId":0,"h":2560,"identify":116,"lx":1065,"ly":1431,"originColor":[241,241,241,255],"outRadius":0,"outX":0,"outY":0,"radius":11,"rx":1239,"ry":1498,"w":1440,"x":1140,"y":1442},{"areaColor":[55,15,30,255],"groupId":0,"h":2560,"identify":117,"lx":1195,"ly":1810,"originColor":[241,241,241,255],"outRadius":0,"outX":0,"outY":0,"radius":57,"rx":1345,"ry":2094,"w":1440,"x":1270,"y":1867},{"areaColor":[50,15,30,255],"groupId":0,"h":2560,"identify":118,"lx":1173,"ly":1741,"originColor":[237,237,237,255],"outRadius":0,"outX":0,"outY":0,"radius":33,"rx":1406,"ry":1806,"w":1440,"x":1218,"y":1773},{"areaColor":[60,15,30,255],"groupId":0,"h":2560,"identify":119,"lx":1327,"ly":1810,"originColor":[246,246,246,255],"outRadius":0,"outX":0,"outY":0,"radius":42,"rx":1419,"ry":2082,"w":1440,"x":1373,"y":1870},{"areaColor":[120,15,30,255],"groupId":0,"h":2560,"identify":120,"lx":1199,"ly":2080,"originColor":[228,228,228,255],"outRadius":0,"outX":0,"outY":0,"radius":29,"rx":1400,"ry":2163,"w":1440,"x":1364,"y":2113},{"areaColor":[130,10,30,255],"groupId":0,"h":2560,"identify":121,"lx":1197,"ly":1275,"originColor":[242,242,242,255],"outRadius":0,"outX":0,"outY":0,"radius":43,"rx":1310,"ry":1364,"w":1440,"x":1254,"y":1319},{"areaColor":[55,10,30,255],"groupId":0,"h":2560,"identify":122,"lx":1215,"ly":1136,"originColor":[227,227,227,255],"outRadius":0,"outX":0,"outY":0,"radius":28,"rx":1439,"ry":1911,"w":1440,"x":1410,"y":1215},{"areaColor":[115,10,30,255],"groupId":0,"h":2560,"identify":123,"lx":1216,"ly":1233,"originColor":[242,242,242,255],"outRadius":0,"outX":0,"outY":0,"radius":37,"rx":1439,"ry":1547,"w":1440,"x":1401,"y":1325},{"areaColor":[165,10,30,255],"groupId":0,"h":2560,"identify":124,"lx":1326,"ly":1347,"originColor":[235,235,235,255],"outRadius":0,"outX":0,"outY":0,"radius":34,"rx":1439,"ry":1526,"w":1440,"x":1403,"y":1428},{"areaColor":[195,10,30,255],"groupId":0,"h":2560,"identify":125,"lx":1343,"ly":1448,"originColor":[232,232,232,255],"outRadius":0,"outX":0,"outY":0,"radius":36,"rx":1439,"ry":1614,"w":1440,"x":1403,"y":1526},{"areaColor":[35,15,30,255],"groupId":0,"h":2560,"identify":126,"lx":1388,"ly":1607,"originColor":[213,213,213,255],"outRadius":0,"outX":0,"outY":0,"radius":24,"rx":1439,"ry":1909,"w":1440,"x":1414,"y":1651},{"areaColor":[15,15,30,255],"groupId":0,"h":2560,"identify":127,"lx":1361,"ly":1583,"originColor":[235,235,235,255],"outRadius":0,"outX":0,"outY":0,"radius":9,"rx":1439,"ry":1648,"w":1440,"x":1375,"y":1629},{"areaColor":[200,5,30,255],"groupId":0,"h":2560,"identify":128,"lx":74,"ly":961,"originColor":[248,248,248,255],"outRadius":0,"outX":0,"outY":0,"radius":30,"rx":317,"ry":1268,"w":1440,"x":113,"y":1024},{"areaColor":[65,10,30,255],"groupId":0,"h":2560,"identify":129,"lx":229,"ly":1140,"originColor":[238,238,238,255],"outRadius":0,"outX":0,"outY":0,"radius":29,"rx":315,"ry":1266,"w":1440,"x":284,"y":1183},{"areaColor":[40,0,30,255],"groupId":0,"h":2560,"identify":130,"lx":0,"ly":385,"originColor":[212,212,212,255],"outRadius":0,"outX":0,"outY":0,"radius":33,"rx":1439,"ry":1279,"w":1440,"x":33,"y":520},{"areaColor":[110,5,30,255],"groupId":0,"h":2560,"identify":131,"lx":1319,"ly":850,"originColor":[242,242,242,255],"outRadius":0,"outX":0,"outY":0,"radius":48,"rx":1439,"ry":965,"w":1440,"x":1390,"y":905},{"areaColor":[25,10,30,255],"groupId":0,"h":2560,"identify":132,"lx":1202,"ly":1091,"originColor":[243,243,243,255],"outRadius":0,"outX":0,"outY":0,"radius":59,"rx":1339,"ry":1275,"w":1440,"x":1279,"y":1149},{"areaColor":[95,5,30,255],"groupId":0,"h":2560,"identify":133,"lx":165,"ly":549,"originColor":[227,227,227,255],"outRadius":0,"outX":0,"outY":0,"radius":29,"rx":417,"ry":1355,"w":1440,"x":206,"y":900},{"areaColor":[100,5,30,255],"groupId":0,"h":2560,"identify":134,"lx":216,"ly":848,"originColor":[236,236,236,255],"outRadius":0,"outX":0,"outY":0,"radius":39,"rx":356,"ry":1123,"w":1440,"x":260,"y":1060},{"areaColor":[240,5,30,255],"groupId":0,"h":2560,"identify":135,"lx":356,"ly":1044,"originColor":[243,243,243,255],"outRadius":0,"outX":0,"outY":0,"radius":18,"rx":415,"ry":1136,"w":1440,"x":386,"y":1111},{"areaColor":[15,10,30,255],"groupId":0,"h":2560,"identify":136,"lx":166,"ly":1083,"originColor":[234,234,234,255],"outRadius":0,"outX":0,"outY":0,"radius":5,"rx":413,"ry":1146,"w":1440,"x":173,"y":1089},{"areaColor":[85,5,30,255],"groupId":0,"h":2560,"identify":137,"lx":202,"ly":826,"originColor":[225,225,225,255],"outRadius":0,"outX":0,"outY":0,"radius":10,"rx":295,"ry":861,"w":1440,"x":218,"y":835},{"areaColor":[35,5,30,255],"groupId":0,"h":2560,"identify":138,"lx":218,"ly":775,"originColor":[236,236,236,255],"outRadius":0,"outX":0,"outY":0,"radius":25,"rx":284,"ry":838,"w":1440,"x":253,"y":800},{"areaColor":[25,5,30,255],"groupId":0,"h":2560,"identify":139,"lx":218,"ly":753,"originColor":[228,228,228,255],"outRadius":0,"outX":0,"outY":0,"radius":10,"rx":296,"ry":782,"w":1440,"x":280,"y":769},{"areaColor":[200,0,30,255],"groupId":0,"h":2560,"identify":140,"lx":222,"ly":671,"originColor":[238,238,238,255],"outRadius":0,"outX":0,"outY":0,"radius":31,"rx":297,"ry":755,"w":1440,"x":258,"y":702},{"areaColor":[105,0,30,255],"groupId":0,"h":2560,"identify":141,"lx":209,"ly":551,"originColor":[233,233,233,255],"outRadius":0,"outX":0,"outY":0,"radius":27,"rx":313,"ry":689,"w":1440,"x":264,"y":640},{"areaColor":[150,10,30,255],"groupId":0,"h":2560,"identify":142,"lx":239,"ly":1318,"originColor":[235,235,235,255],"outRadius":0,"outX":0,"outY":0,"radius":7,"rx":389,"ry":1348,"w":1440,"x":248,"y":1325},{"areaColor":[135,10,30,255],"groupId":0,"h":2560,"identify":143,"lx":238,"ly":1300,"originColor":[224,224,224,255],"outRadius":0,"outX":0,"outY":0,"radius":7,"rx":397,"ry":1333,"w":1440,"x":246,"y":1308},{"areaColor":[40,10,30,255],"groupId":0,"h":2560,"identify":144,"lx":218,"ly":1117,"originColor":[238,238,238,255],"outRadius":0,"outX":0,"outY":0,"radius":11,"rx":338,"ry":1286,"w":1440,"x":318,"y":1272},{"areaColor":[60,10,30,255],"groupId":0,"h":2560,"identify":145,"lx":150,"ly":1137,"originColor":[244,244,244,255],"outRadius":0,"outX":0,"outY":0,"radius":8,"rx":259,"ry":2212,"w":1440,"x":215,"y":1179},{"areaColor":[95,10,30,255],"groupId":0,"h":2560,"identify":146,"lx":172,"ly":1206,"originColor":[245,245,245,255],"outRadius":0,"outX":0,"outY":0,"radius":37,"rx":255,"ry":1311,"w":1440,"x":213,"y":1242},{"areaColor":[80,10,30,255],"groupId":0,"h":2560,"identify":147,"lx":171,"ly":1191,"originColor":[222,222,222,255],"outRadius":0,"outX":0,"outY":0,"radius":6,"rx":257,"ry":1212,"w":1440,"x":209,"y":1196},{"areaColor":[145,10,30,255],"groupId":0,"h":2560,"identify":148,"lx":181,"ly":1309,"originColor":[218,218,218,255],"outRadius":0,"outX":0,"outY":0,"radius":4,"rx":236,"ry":1322,"w":1440,"x":192,"y":1312},{"areaColor":[155,10,30,255],"groupId":0,"h":2560,"identify":149,"lx":181,"ly":1320,"originColor":[236,236,236,255],"outRadius":0,"outX":0,"outY":0,"radius":19,"rx":236,"ry":1375,"w":1440,"x":207,"y":1340},{"areaColor":[180,10,30,255],"groupId":0,"h":2560,"identify":150,"lx":193,"ly":1372,"originColor":[239,239,239,255],"outRadius":0,"outX":0,"outY":0,"radius":12,"rx":216,"ry":1409,"w":1440,"x":204,"y":1398},{"areaColor":[130,15,30,255],"groupId":0,"h":2560,"identify":151,"lx":152,"ly":2085,"originColor":[218,218,218,255],"outRadius":0,"outX":0,"outY":0,"radius":18,"rx":200,"ry":2210,"w":1440,"x":178,"y":2128},{"areaColor":[165,15,30,255],"groupId":0,"h":2560,"identify":152,"lx":0,"ly":2139,"originColor":[228,228,228,255],"outRadius":0,"outX":0,"outY":0,"radius":50,"rx":1439,"ry":2467,"w":1440,"x":51,"y":2233},{"areaColor":[185,15,30,255],"groupId":0,"h":2560,"identify":153,"lx":0,"ly":2188,"originColor":[227,227,227,255],"outRadius":0,"outX":0,"outY":0,"radius":25,"rx":363,"ry":2367,"w":1440,"x":31,"y":2325},{"areaColor":[190,15,30,255],"groupId":0,"h":2560,"identify":154,"lx":0,"ly":2202,"originColor":[239,239,239,255],"outRadius":0,"outX":0,"outY":0,"radius":37,"rx":401,"ry":2464,"w":1440,"x":41,"y":2394},{"areaColor":[175,15,30,255],"groupId":0,"h":2560,"identify":155,"lx":1095,"ly":2178,"originColor":[217,217,217,255],"outRadius":0,"outX":0,"outY":0,"radius":36,"rx":1439,"ry":2307,"w":1440,"x":1401,"y":2259},{"areaColor":[150,15,30,255],"groupId":0,"h":2560,"identify":156,"lx":1177,"ly":2141,"originColor":[221,221,221,255],"outRadius":0,"outX":0,"outY":0,"radius":33,"rx":1439,"ry":2226,"w":1440,"x":1370,"y":2179},{"areaColor":[210,15,30,255],"groupId":0,"h":2560,"identify":157,"lx":1013,"ly":2215,"originColor":[222,222,222,255],"outRadius":0,"outX":0,"outY":0,"radius":35,"rx":1439,"ry":2390,"w":1440,"x":1400,"y":2337},{"areaColor":[100,15,30,255],"groupId":0,"h":2560,"identify":158,"lx":1399,"ly":2029,"originColor":[220,220,220,255],"outRadius":0,"outX":0,"outY":0,"radius":19,"rx":1439,"ry":2171,"w":1440,"x":1420,"y":2054},{"areaColor":[155,15,30,255],"groupId":0,"h":2560,"identify":159,"lx":1405,"ly":2145,"originColor":[213,213,213,255],"outRadius":0,"outX":0,"outY":0,"radius":6,"rx":1416,"ry":2169,"w":1440,"x":1411,"y":2151},{"areaColor":[245,5,30,255],"groupId":0,"h":2560,"identify":160,"lx":1338,"ly":428,"originColor":[242,242,242,255],"outRadius":0,"outX":0,"outY":0,"radius":18,"rx":1439,"ry":1246,"w":1440,"x":1359,"y":1184},{"areaColor":[220,5,30,255],"groupId":0,"h":2560,"identify":161,"lx":1375,"ly":980,"originColor":[242,242,242,255],"outRadius":0,"outX":0,"outY":0,"radius":32,"rx":1439,"ry":1199,"w":1440,"x":1407,"y":1067},{"areaColor":[65,0,30,255],"groupId":0,"h":2560,"identify":162,"lx":1376,"ly":430,"originColor":[207,207,207,255],"outRadius":0,"outX":0,"outY":0,"radius":31,"rx":1439,"ry":768,"w":1440,"x":1408,"y":557},{"areaColor":[80,15,30,255],"groupId":0,"h":2560,"identify":163,"lx":1364,"ly":1908,"originColor":[217,217,217,255],"outRadius":0,"outX":0,"outY":0,"radius":28,"rx":1439,"ry":2038,"w":1440,"x":1410,"y":1964},{"areaColor":[200,15,30,255],"groupId":0,"h":2560,"identify":164,"lx":0,"ly":2182,"originColor":[240,240,240,255],"outRadius":0,"outX":0,"outY":0,"radius":151,"rx":1439,"ry":2559,"w":1440,"x":1042,"y":2408},{"areaColor":[180,15,30,255],"groupId":0,"h":2560,"identify":165,"lx":639,"ly":2187,"originColor":[241,241,241,255],"outRadius":0,"outX":0,"outY":0,"radius":60,"rx":798,"ry":2559,"w":1440,"x":731,"y":2497},{"areaColor":[205,15,30,255],"groupId":0,"h":2560,"identify":166,"lx":0,"ly":2208,"originColor":[241,241,241,255],"outRadius":0,"outX":0,"outY":0,"radius":144,"rx":523,"ry":2559,"w":1440,"x":355,"y":2415}]