[{"areaColor":[5,0,30,255],"groupId":0,"h":2048,"identify":0,"lx":0,"ly":0,"originColor":[255,255,255,255],"outRadius":0,"outX":0,"outY":0,"radius":299,"rx":2047,"ry":2047,"w":2048,"x":299,"y":299},{"areaColor":[135,15,30,255],"groupId":0,"h":2048,"identify":1,"lx":782,"ly":720,"originColor":[255,255,255,255],"outRadius":0,"outX":0,"outY":0,"radius":16,"rx":830,"ry":802,"w":2048,"x":803,"y":766},{"areaColor":[145,20,30,255],"groupId":0,"h":2048,"identify":2,"lx":86,"ly":587,"originColor":[255,255,255,255],"outRadius":0,"outX":0,"outY":0,"radius":57,"rx":772,"ry":1707,"w":2048,"x":471,"y":1094},{"areaColor":[150,15,30,255],"groupId":0,"h":2048,"identify":3,"lx":268,"ly":730,"originColor":[255,255,255,255],"outRadius":0,"outX":0,"outY":0,"radius":41,"rx":766,"ry":1020,"w":2048,"x":451,"y":862},{"areaColor":[160,10,30,255],"groupId":0,"h":2048,"identify":4,"lx":474,"ly":588,"originColor":[255,255,255,255],"outRadius":0,"outX":0,"outY":0,"radius":33,"rx":706,"ry":834,"w":2048,"x":542,"y":729},{"areaColor":[85,20,30,255],"groupId":0,"h":2048,"identify":5,"lx":707,"ly":881,"originColor":[255,255,255,255],"outRadius":0,"outX":0,"outY":0,"radius":9,"rx":769,"ry":899,"w":2048,"x":724,"y":890},{"areaColor":[125,20,30,255],"groupId":0,"h":2048,"identify":6,"lx":667,"ly":929,"originColor":[255,255,255,255],"outRadius":0,"outX":0,"outY":0,"radius":4,"rx":690,"ry":948,"w":2048,"x":673,"y":935},{"areaColor":[115,25,30,255],"groupId":0,"h":2048,"identify":7,"lx":92,"ly":1185,"originColor":[255,255,255,255],"outRadius":0,"outX":0,"outY":0,"radius":63,"rx":545,"ry":1504,"w":2048,"x":334,"y":1307},{"areaColor":[95,30,30,255],"groupId":0,"h":2048,"identify":8,"lx":88,"ly":1504,"originColor":[255,255,255,255],"outRadius":0,"outX":0,"outY":0,"radius":26,"rx":390,"ry":1588,"w":2048,"x":193,"y":1538},{"areaColor":[15,35,30,255],"groupId":0,"h":2048,"identify":9,"lx":145,"ly":1666,"originColor":[255,255,255,255],"outRadius":0,"outX":0,"outY":0,"radius":15,"rx":225,"ry":1705,"w":2048,"x":204,"y":1688},{"areaColor":[135,30,30,255],"groupId":0,"h":2048,"identify":10,"lx":240,"ly":1547,"originColor":[255,255,255,255],"outRadius":0,"outX":0,"outY":0,"radius":7,"rx":385,"ry":1635,"w":2048,"x":289,"y":1584},{"areaColor":[170,30,30,255],"groupId":0,"h":2048,"identify":11,"lx":347,"ly":1576,"originColor":[255,255,255,255],"outRadius":0,"outX":0,"outY":0,"radius":7,"rx":373,"ry":1601,"w":2048,"x":361,"y":1583},{"areaColor":[155,30,30,255],"groupId":0,"h":2048,"identify":12,"lx":358,"ly":1561,"originColor":[255,255,255,255],"outRadius":0,"outX":0,"outY":0,"radius":6,"rx":380,"ry":1576,"w":2048,"x":369,"y":1568},{"areaColor":[180,30,30,255],"groupId":0,"h":2048,"identify":13,"lx":242,"ly":1594,"originColor":[255,255,255,255],"outRadius":0,"outX":0,"outY":0,"radius":10,"rx":318,"ry":1628,"w":2048,"x":257,"y":1606},{"areaColor":[165,30,30,255],"groupId":0,"h":2048,"identify":14,"lx":212,"ly":1543,"originColor":[255,255,255,255],"outRadius":0,"outX":0,"outY":0,"radius":6,"rx":361,"ry":1700,"w":2048,"x":306,"y":1583},{"areaColor":[145,30,30,255],"groupId":0,"h":2048,"identify":15,"lx":314,"ly":1551,"originColor":[255,255,255,255],"outRadius":0,"outX":0,"outY":0,"radius":13,"rx":359,"ry":1606,"w":2048,"x":340,"y":1570},{"areaColor":[110,30,30,255],"groupId":0,"h":2048,"identify":16,"lx":253,"ly":1544,"originColor":[255,255,255,255],"outRadius":0,"outX":0,"outY":0,"radius":11,"rx":294,"ry":1599,"w":2048,"x":269,"y":1583},{"areaColor":[225,30,30,255],"groupId":0,"h":2048,"identify":17,"lx":215,"ly":1616,"originColor":[255,255,255,255],"outRadius":0,"outX":0,"outY":0,"radius":22,"rx":304,"ry":1672,"w":2048,"x":251,"y":1642},{"areaColor":[20,35,30,255],"groupId":0,"h":2048,"identify":18,"lx":215,"ly":1667,"originColor":[255,255,255,255],"outRadius":0,"outX":0,"outY":0,"radius":8,"rx":245,"ry":1694,"w":2048,"x":230,"y":1679},{"areaColor":[85,30,30,255],"groupId":0,"h":2048,"identify":19,"lx":190,"ly":709,"originColor":[255,255,255,255],"outRadius":0,"outX":0,"outY":0,"radius":18,"rx":718,"ry":1542,"w":2048,"x":313,"y":1522},{"areaColor":[60,25,30,255],"groupId":0,"h":2048,"identify":20,"lx":346,"ly":1156,"originColor":[255,255,255,255],"outRadius":0,"outX":0,"outY":0,"radius":18,"rx":563,"ry":1275,"w":2048,"x":533,"y":1252},{"areaColor":[65,20,30,255],"groupId":0,"h":2048,"identify":21,"lx":341,"ly":875,"originColor":[255,255,255,255],"outRadius":0,"outX":0,"outY":0,"radius":15,"rx":716,"ry":1054,"w":2048,"x":388,"y":1038},{"areaColor":[125,15,30,255],"groupId":0,"h":2048,"identify":22,"lx":457,"ly":711,"originColor":[255,255,255,255],"outRadius":0,"outX":0,"outY":0,"radius":12,"rx":676,"ry":848,"w":2048,"x":493,"y":751},{"areaColor":[80,10,30,255],"groupId":0,"h":2048,"identify":23,"lx":475,"ly":489,"originColor":[255,255,255,255],"outRadius":0,"outX":0,"outY":0,"radius":28,"rx":595,"ry":610,"w":2048,"x":534,"y":557},{"areaColor":[255,10,30,255],"groupId":0,"h":2048,"identify":24,"lx":512,"ly":654,"originColor":[255,255,255,255],"outRadius":0,"outX":0,"outY":0,"radius":9,"rx":600,"ry":1186,"w":2048,"x":587,"y":665},{"areaColor":[45,15,30,255],"groupId":0,"h":2048,"identify":25,"lx":565,"ly":668,"originColor":[255,255,255,255],"outRadius":0,"outX":0,"outY":0,"radius":7,"rx":582,"ry":686,"w":2048,"x":572,"y":678},{"areaColor":[60,15,30,255],"groupId":0,"h":2048,"identify":26,"lx":581,"ly":679,"originColor":[255,255,255,255],"outRadius":0,"outX":0,"outY":0,"radius":8,"rx":598,"ry":696,"w":2048,"x":589,"y":687},{"areaColor":[50,25,30,255],"groupId":0,"h":2048,"identify":27,"lx":530,"ly":1148,"originColor":[255,255,255,255],"outRadius":0,"outX":0,"outY":0,"radius":7,"rx":551,"ry":1165,"w":2048,"x":538,"y":1155},{"areaColor":[65,25,30,255],"groupId":0,"h":2048,"identify":28,"lx":513,"ly":1159,"originColor":[255,255,255,255],"outRadius":0,"outX":0,"outY":0,"radius":9,"rx":533,"ry":1179,"w":2048,"x":523,"y":1169},{"areaColor":[80,25,30,255],"groupId":0,"h":2048,"identify":29,"lx":538,"ly":1162,"originColor":[255,255,255,255],"outRadius":0,"outX":0,"outY":0,"radius":10,"rx":559,"ry":1184,"w":2048,"x":549,"y":1173},{"areaColor":[45,25,30,255],"groupId":0,"h":2048,"identify":30,"lx":469,"ly":665,"originColor":[255,255,255,255],"outRadius":0,"outX":0,"outY":0,"radius":15,"rx":614,"ry":1212,"w":2048,"x":496,"y":1166},{"areaColor":[75,25,30,255],"groupId":0,"h":2048,"identify":31,"lx":534,"ly":1161,"originColor":[255,255,255,255],"outRadius":0,"outX":0,"outY":0,"radius":10,"rx":585,"ry":1209,"w":2048,"x":562,"y":1194},{"areaColor":[15,25,30,255],"groupId":0,"h":2048,"identify":32,"lx":526,"ly":1087,"originColor":[255,255,255,255],"outRadius":0,"outX":0,"outY":0,"radius":15,"rx":565,"ry":1148,"w":2048,"x":548,"y":1116},{"areaColor":[40,15,30,255],"groupId":0,"h":2048,"identify":33,"lx":511,"ly":666,"originColor":[255,255,255,255],"outRadius":0,"outX":0,"outY":0,"radius":12,"rx":566,"ry":693,"w":2048,"x":537,"y":680},{"areaColor":[80,15,30,255],"groupId":0,"h":2048,"identify":34,"lx":565,"ly":689,"originColor":[255,255,255,255],"outRadius":0,"outX":0,"outY":0,"radius":14,"rx":612,"ry":728,"w":2048,"x":593,"y":713},{"areaColor":[30,20,30,255],"groupId":0,"h":2048,"identify":35,"lx":457,"ly":826,"originColor":[255,255,255,255],"outRadius":0,"outX":0,"outY":0,"radius":7,"rx":547,"ry":961,"w":2048,"x":536,"y":839},{"areaColor":[55,20,30,255],"groupId":0,"h":2048,"identify":36,"lx":517,"ly":861,"originColor":[255,255,255,255],"outRadius":0,"outX":0,"outY":0,"radius":8,"rx":537,"ry":898,"w":2048,"x":527,"y":877},{"areaColor":[105,20,30,255],"groupId":0,"h":2048,"identify":37,"lx":506,"ly":905,"originColor":[255,255,255,255],"outRadius":0,"outX":0,"outY":0,"radius":7,"rx":524,"ry":941,"w":2048,"x":514,"y":921},{"areaColor":[140,20,30,255],"groupId":0,"h":2048,"identify":38,"lx":476,"ly":940,"originColor":[255,255,255,255],"outRadius":0,"outX":0,"outY":0,"radius":8,"rx":495,"ry":960,"w":2048,"x":487,"y":951},{"areaColor":[115,20,30,255],"groupId":0,"h":2048,"identify":39,"lx":458,"ly":912,"originColor":[255,255,255,255],"outRadius":0,"outX":0,"outY":0,"radius":8,"rx":475,"ry":936,"w":2048,"x":465,"y":926},{"areaColor":[100,20,30,255],"groupId":0,"h":2048,"identify":40,"lx":457,"ly":843,"originColor":[255,255,255,255],"outRadius":0,"outX":0,"outY":0,"radius":4,"rx":543,"ry":960,"w":2048,"x":466,"y":908},{"areaColor":[135,20,30,255],"groupId":0,"h":2048,"identify":41,"lx":459,"ly":933,"originColor":[255,255,255,255],"outRadius":0,"outX":0,"outY":0,"radius":7,"rx":477,"ry":956,"w":2048,"x":469,"y":945},{"areaColor":[120,20,30,255],"groupId":0,"h":2048,"identify":42,"lx":498,"ly":927,"originColor":[255,255,255,255],"outRadius":0,"outX":0,"outY":0,"radius":8,"rx":514,"ry":958,"w":2048,"x":506,"y":944},{"areaColor":[90,20,30,255],"groupId":0,"h":2048,"identify":43,"lx":512,"ly":883,"originColor":[255,255,255,255],"outRadius":0,"outX":0,"outY":0,"radius":7,"rx":530,"ry":920,"w":2048,"x":520,"y":899},{"areaColor":[40,20,30,255],"groupId":0,"h":2048,"identify":44,"lx":523,"ly":845,"originColor":[255,255,255,255],"outRadius":0,"outX":0,"outY":0,"radius":5,"rx":541,"ry":873,"w":2048,"x":529,"y":855},{"areaColor":[225,25,30,255],"groupId":0,"h":2048,"identify":45,"lx":331,"ly":1334,"originColor":[255,255,255,255],"outRadius":0,"outX":0,"outY":0,"radius":8,"rx":453,"ry":1443,"w":2048,"x":417,"y":1379},{"areaColor":[205,25,30,255],"groupId":0,"h":2048,"identify":46,"lx":431,"ly":1335,"originColor":[255,255,255,255],"outRadius":0,"outX":0,"outY":0,"radius":8,"rx":451,"ry":1365,"w":2048,"x":441,"y":1347},{"areaColor":[25,30,30,255],"groupId":0,"h":2048,"identify":47,"lx":379,"ly":1396,"originColor":[255,255,255,255],"outRadius":0,"outX":0,"outY":0,"radius":9,"rx":396,"ry":1436,"w":2048,"x":388,"y":1415},{"areaColor":[55,30,30,255],"groupId":0,"h":2048,"identify":48,"lx":336,"ly":1417,"originColor":[255,255,255,255],"outRadius":0,"outX":0,"outY":0,"radius":8,"rx":362,"ry":1441,"w":2048,"x":350,"y":1429},{"areaColor":[10,30,30,255],"groupId":0,"h":2048,"identify":49,"lx":332,"ly":1389,"originColor":[255,255,255,255],"outRadius":0,"outX":0,"outY":0,"radius":8,"rx":354,"ry":1406,"w":2048,"x":342,"y":1398},{"areaColor":[235,25,30,255],"groupId":0,"h":2048,"identify":50,"lx":330,"ly":1347,"originColor":[255,255,255,255],"outRadius":0,"outX":0,"outY":0,"radius":4,"rx":438,"ry":1444,"w":2048,"x":349,"y":1382},{"areaColor":[45,30,30,255],"groupId":0,"h":2048,"identify":51,"lx":331,"ly":1409,"originColor":[255,255,255,255],"outRadius":0,"outX":0,"outY":0,"radius":7,"rx":348,"ry":1428,"w":2048,"x":337,"y":1416},{"areaColor":[50,30,30,255],"groupId":0,"h":2048,"identify":52,"lx":355,"ly":1415,"originColor":[255,255,255,255],"outRadius":0,"outX":0,"outY":0,"radius":7,"rx":377,"ry":1442,"w":2048,"x":369,"y":1434},{"areaColor":[245,25,30,255],"groupId":0,"h":2048,"identify":53,"lx":395,"ly":1380,"originColor":[255,255,255,255],"outRadius":0,"outX":0,"outY":0,"radius":6,"rx":408,"ry":1414,"w":2048,"x":402,"y":1394},{"areaColor":[215,25,30,255],"groupId":0,"h":2048,"identify":54,"lx":422,"ly":1349,"originColor":[255,255,255,255],"outRadius":0,"outX":0,"outY":0,"radius":5,"rx":436,"ry":1379,"w":2048,"x":428,"y":1359},{"areaColor":[70,30,30,255],"groupId":0,"h":2048,"identify":55,"lx":271,"ly":879,"originColor":[255,255,255,255],"outRadius":0,"outX":0,"outY":0,"radius":13,"rx":614,"ry":1502,"w":2048,"x":298,"y":1480},{"areaColor":[250,20,30,255],"groupId":0,"h":2048,"identify":56,"lx":349,"ly":1065,"originColor":[255,255,255,255],"outRadius":0,"outX":0,"outY":0,"radius":15,"rx":408,"ry":1119,"w":2048,"x":378,"y":1088},{"areaColor":[80,20,30,255],"groupId":0,"h":2048,"identify":57,"lx":557,"ly":881,"originColor":[255,255,255,255],"outRadius":0,"outX":0,"outY":0,"radius":14,"rx":612,"ry":936,"w":2048,"x":586,"y":910},{"areaColor":[235,15,30,255],"groupId":0,"h":2048,"identify":58,"lx":372,"ly":795,"originColor":[255,255,255,255],"outRadius":0,"outX":0,"outY":0,"radius":20,"rx":634,"ry":1268,"w":2048,"x":501,"y":817},{"areaColor":[175,20,30,255],"groupId":0,"h":2048,"identify":59,"lx":587,"ly":982,"originColor":[255,255,255,255],"outRadius":0,"outX":0,"outY":0,"radius":21,"rx":632,"ry":1025,"w":2048,"x":610,"y":1003},{"areaColor":[155,25,30,255],"groupId":0,"h":2048,"identify":60,"lx":373,"ly":1215,"originColor":[255,255,255,255],"outRadius":0,"outX":0,"outY":0,"radius":24,"rx":424,"ry":1266,"w":2048,"x":398,"y":1240},{"areaColor":[235,0,30,255],"groupId":0,"h":2048,"identify":61,"lx":717,"ly":262,"originColor":[237,237,237,255],"outRadius":0,"outX":0,"outY":0,"radius":10,"rx":979,"ry":818,"w":2048,"x":873,"y":354},{"areaColor":[215,0,30,255],"groupId":0,"h":2048,"identify":62,"lx":845,"ly":324,"originColor":[255,255,255,255],"outRadius":0,"outX":0,"outY":0,"radius":7,"rx":908,"ry":370,"w":2048,"x":880,"y":331},{"areaColor":[205,0,30,255],"groupId":0,"h":2048,"identify":63,"lx":801,"ly":302,"originColor":[255,255,255,255],"outRadius":0,"outX":0,"outY":0,"radius":20,"rx":887,"ry":351,"w":2048,"x":831,"y":331},{"areaColor":[230,0,30,255],"groupId":0,"h":2048,"identify":64,"lx":788,"ly":336,"originColor":[255,255,255,255],"outRadius":0,"outX":0,"outY":0,"radius":8,"rx":840,"ry":363,"w":2048,"x":800,"y":353},{"areaColor":[255,0,30,255],"groupId":0,"h":2048,"identify":65,"lx":778,"ly":355,"originColor":[237,237,237,255],"outRadius":0,"outX":0,"outY":0,"radius":10,"rx":842,"ry":384,"w":2048,"x":801,"y":375},{"areaColor":[30,5,30,255],"groupId":0,"h":2048,"identify":66,"lx":774,"ly":370,"originColor":[237,237,237,255],"outRadius":0,"outX":0,"outY":0,"radius":6,"rx":808,"ry":394,"w":2048,"x":780,"y":386},{"areaColor":[25,5,30,255],"groupId":0,"h":2048,"identify":67,"lx":776,"ly":367,"originColor":[237,237,237,255],"outRadius":0,"outX":0,"outY":0,"radius":7,"rx":840,"ry":429,"w":2048,"x":810,"y":408},{"areaColor":[105,5,30,255],"groupId":0,"h":2048,"identify":68,"lx":777,"ly":394,"originColor":[225,225,225,255],"outRadius":0,"outX":0,"outY":0,"radius":4,"rx":806,"ry":406,"w":2048,"x":792,"y":402},{"areaColor":[110,5,30,255],"groupId":0,"h":2048,"identify":69,"lx":771,"ly":404,"originColor":[225,225,225,255],"outRadius":0,"outX":0,"outY":0,"radius":6,"rx":794,"ry":422,"w":2048,"x":779,"y":413},{"areaColor":[45,5,30,255],"groupId":0,"h":2048,"identify":70,"lx":776,"ly":373,"originColor":[248,244,244,255],"outRadius":0,"outX":0,"outY":0,"radius":10,"rx":843,"ry":453,"w":2048,"x":806,"y":441},{"areaColor":[185,5,30,255],"groupId":0,"h":2048,"identify":71,"lx":824,"ly":426,"originColor":[255,255,255,255],"outRadius":0,"outX":0,"outY":0,"radius":5,"rx":839,"ry":455,"w":2048,"x":832,"y":444},{"areaColor":[195,0,30,255],"groupId":0,"h":2048,"identify":72,"lx":849,"ly":293,"originColor":[255,255,255,255],"outRadius":0,"outX":0,"outY":0,"radius":13,"rx":921,"ry":351,"w":2048,"x":904,"y":312},{"areaColor":[200,0,30,255],"groupId":0,"h":2048,"identify":73,"lx":917,"ly":301,"originColor":[255,255,255,255],"outRadius":0,"outX":0,"outY":0,"radius":10,"rx":944,"ry":355,"w":2048,"x":934,"y":327},{"areaColor":[220,0,30,255],"groupId":0,"h":2048,"identify":74,"lx":931,"ly":327,"originColor":[255,255,255,255],"outRadius":0,"outX":0,"outY":0,"radius":9,"rx":972,"ry":370,"w":2048,"x":951,"y":345},{"areaColor":[20,5,30,255],"groupId":0,"h":2048,"identify":75,"lx":951,"ly":358,"originColor":[225,225,225,255],"outRadius":0,"outX":0,"outY":0,"radius":5,"rx":974,"ry":411,"w":2048,"x":970,"y":386},{"areaColor":[170,0,30,255],"groupId":0,"h":2048,"identify":76,"lx":861,"ly":269,"originColor":[255,255,255,255],"outRadius":0,"outX":0,"outY":0,"radius":8,"rx":883,"ry":290,"w":2048,"x":872,"y":281},{"areaColor":[165,0,30,255],"groupId":0,"h":2048,"identify":77,"lx":849,"ly":266,"originColor":[255,255,255,255],"outRadius":0,"outX":0,"outY":0,"radius":4,"rx":860,"ry":293,"w":2048,"x":856,"y":286},{"areaColor":[160,0,30,255],"groupId":0,"h":2048,"identify":78,"lx":826,"ly":266,"originColor":[255,255,255,255],"outRadius":0,"outX":0,"outY":0,"radius":5,"rx":849,"ry":298,"w":2048,"x":841,"y":271},{"areaColor":[175,0,30,255],"groupId":0,"h":2048,"identify":79,"lx":779,"ly":270,"originColor":[255,255,255,255],"outRadius":0,"outX":0,"outY":0,"radius":17,"rx":840,"ry":326,"w":2048,"x":822,"y":289},{"areaColor":[210,0,30,255],"groupId":0,"h":2048,"identify":80,"lx":774,"ly":312,"originColor":[225,225,225,255],"outRadius":0,"outX":0,"outY":0,"radius":7,"rx":798,"ry":346,"w":2048,"x":785,"y":335},{"areaColor":[30,10,30,255],"groupId":0,"h":2048,"identify":81,"lx":797,"ly":457,"originColor":[255,255,255,255],"outRadius":0,"outX":0,"outY":0,"radius":10,"rx":850,"ry":555,"w":2048,"x":812,"y":507},{"areaColor":[60,10,30,255],"groupId":0,"h":2048,"identify":82,"lx":810,"ly":476,"originColor":[255,255,255,255],"outRadius":0,"outX":0,"outY":0,"radius":10,"rx":852,"ry":518,"w":2048,"x":841,"y":497},{"areaColor":[125,10,30,255],"groupId":0,"h":2048,"identify":83,"lx":801,"ly":523,"originColor":[255,255,255,255],"outRadius":0,"outX":0,"outY":0,"radius":12,"rx":835,"ry":558,"w":2048,"x":822,"y":545},{"areaColor":[115,10,30,255],"groupId":0,"h":2048,"identify":84,"lx":778,"ly":518,"originColor":[230,230,230,255],"outRadius":0,"outX":0,"outY":0,"radius":10,"rx":812,"ry":567,"w":2048,"x":788,"y":550},{"areaColor":[25,10,30,255],"groupId":0,"h":2048,"identify":85,"lx":780,"ly":456,"originColor":[255,255,255,255],"outRadius":0,"outX":0,"outY":0,"radius":7,"rx":800,"ry":506,"w":2048,"x":787,"y":486},{"areaColor":[250,10,30,255],"groupId":0,"h":2048,"identify":86,"lx":752,"ly":652,"originColor":[255,255,255,255],"outRadius":0,"outX":0,"outY":0,"radius":16,"rx":787,"ry":731,"w":2048,"x":769,"y":699},{"areaColor":[15,15,30,255],"groupId":0,"h":2048,"identify":87,"lx":734,"ly":657,"originColor":[255,255,255,255],"outRadius":0,"outX":0,"outY":0,"radius":8,"rx":765,"ry":734,"w":2048,"x":742,"y":688},{"areaColor":[160,15,30,255],"groupId":0,"h":2048,"identify":88,"lx":721,"ly":736,"originColor":[255,255,255,255],"outRadius":0,"outX":0,"outY":0,"radius":13,"rx":772,"ry":810,"w":2048,"x":738,"y":774},{"areaColor":[215,10,30,255],"groupId":0,"h":2048,"identify":89,"lx":754,"ly":626,"originColor":[255,255,255,255],"outRadius":0,"outX":0,"outY":0,"radius":5,"rx":766,"ry":656,"w":2048,"x":760,"y":645},{"areaColor":[175,15,30,255],"groupId":0,"h":2048,"identify":90,"lx":754,"ly":744,"originColor":[253,251,251,255],"outRadius":0,"outX":0,"outY":0,"radius":13,"rx":791,"ry":813,"w":2048,"x":770,"y":799},{"areaColor":[95,10,30,255],"groupId":0,"h":2048,"identify":91,"lx":770,"ly":355,"originColor":[255,255,255,255],"outRadius":0,"outX":0,"outY":0,"radius":26,"rx":1110,"ry":700,"w":2048,"x":877,"y":548},{"areaColor":[15,5,30,255],"groupId":0,"h":2048,"identify":92,"lx":809,"ly":358,"originColor":[248,244,244,255],"outRadius":0,"outX":0,"outY":0,"radius":24,"rx":961,"ry":517,"w":2048,"x":872,"y":474},{"areaColor":[10,10,30,255],"groupId":0,"h":2048,"identify":93,"lx":815,"ly":449,"originColor":[255,255,255,255],"outRadius":0,"outX":0,"outY":0,"radius":5,"rx":835,"ry":470,"w":2048,"x":820,"y":459},{"areaColor":[180,10,30,255],"groupId":0,"h":2048,"identify":94,"lx":1037,"ly":602,"originColor":[255,255,255,255],"outRadius":0,"outX":0,"outY":0,"radius":10,"rx":1107,"ry":677,"w":2048,"x":1086,"y":658},{"areaColor":[55,15,30,255],"groupId":0,"h":2048,"identify":95,"lx":1084,"ly":672,"originColor":[255,255,255,255],"outRadius":0,"outX":0,"outY":0,"radius":4,"rx":1093,"ry":695,"w":2048,"x":1090,"y":677},{"areaColor":[35,20,30,255],"groupId":0,"h":2048,"identify":96,"lx":796,"ly":147,"originColor":[255,255,255,255],"outRadius":0,"outX":0,"outY":0,"radius":9,"rx":1297,"ry":884,"w":2048,"x":821,"y":840},{"areaColor":[215,15,30,255],"groupId":0,"h":2048,"identify":97,"lx":803,"ly":786,"originColor":[255,255,255,255],"outRadius":0,"outX":0,"outY":0,"radius":13,"rx":871,"ry":850,"w":2048,"x":822,"y":813},{"areaColor":[45,20,30,255],"groupId":0,"h":2048,"identify":98,"lx":806,"ly":850,"originColor":[248,244,244,255],"outRadius":0,"outX":0,"outY":0,"radius":9,"rx":829,"ry":874,"w":2048,"x":818,"y":862},{"areaColor":[60,20,30,255],"groupId":0,"h":2048,"identify":99,"lx":801,"ly":866,"originColor":[248,244,244,255],"outRadius":0,"outX":0,"outY":0,"radius":5,"rx":814,"ry":881,"w":2048,"x":806,"y":874},{"areaColor":[85,0,30,255],"groupId":0,"h":2048,"identify":100,"lx":1056,"ly":149,"originColor":[253,251,251,255],"outRadius":0,"outX":0,"outY":0,"radius":33,"rx":1223,"ry":322,"w":2048,"x":1164,"y":252},{"areaColor":[115,0,30,255],"groupId":0,"h":2048,"identify":101,"lx":1197,"ly":177,"originColor":[255,255,255,255],"outRadius":0,"outX":0,"outY":0,"radius":8,"rx":1216,"ry":215,"w":2048,"x":1205,"y":186},{"areaColor":[145,0,30,255],"groupId":0,"h":2048,"identify":102,"lx":1135,"ly":230,"originColor":[255,255,255,255],"outRadius":0,"outX":0,"outY":0,"radius":16,"rx":1243,"ry":338,"w":2048,"x":1217,"y":252},{"areaColor":[190,10,30,255],"groupId":0,"h":2048,"identify":103,"lx":1197,"ly":606,"originColor":[255,255,255,255],"outRadius":0,"outX":0,"outY":0,"radius":22,"rx":1295,"ry":728,"w":2048,"x":1269,"y":671},{"areaColor":[145,10,30,255],"groupId":0,"h":2048,"identify":104,"lx":1205,"ly":562,"originColor":[253,251,251,255],"outRadius":0,"outX":0,"outY":0,"radius":14,"rx":1274,"ry":612,"w":2048,"x":1224,"y":580},{"areaColor":[155,5,30,255],"groupId":0,"h":2048,"identify":105,"lx":856,"ly":411,"originColor":[255,255,255,255],"outRadius":0,"outX":0,"outY":0,"radius":3,"rx":962,"ry":446,"w":2048,"x":890,"y":428},{"areaColor":[200,5,30,255],"groupId":0,"h":2048,"identify":106,"lx":860,"ly":429,"originColor":[255,255,255,255],"outRadius":0,"outX":0,"outY":0,"radius":2,"rx":869,"ry":444,"w":2048,"x":866,"y":432},{"areaColor":[135,5,30,255],"groupId":0,"h":2048,"identify":107,"lx":937,"ly":415,"originColor":[255,255,255,255],"outRadius":0,"outX":0,"outY":0,"radius":2,"rx":955,"ry":435,"w":2048,"x":952,"y":420},{"areaColor":[145,5,30,255],"groupId":0,"h":2048,"identify":108,"lx":867,"ly":419,"originColor":[253,251,251,255],"outRadius":0,"outX":0,"outY":0,"radius":4,"rx":950,"ry":448,"w":2048,"x":945,"y":432},{"areaColor":[190,5,30,255],"groupId":0,"h":2048,"identify":109,"lx":868,"ly":426,"originColor":[225,225,225,255],"outRadius":0,"outX":0,"outY":0,"radius":7,"rx":885,"ry":446,"w":2048,"x":879,"y":435},{"areaColor":[65,10,30,255],"groupId":0,"h":2048,"identify":110,"lx":912,"ly":479,"originColor":[255,255,255,255],"outRadius":0,"outX":0,"outY":0,"radius":3,"rx":939,"ry":489,"w":2048,"x":927,"y":484},{"areaColor":[60,5,30,255],"groupId":0,"h":2048,"identify":111,"lx":873,"ly":379,"originColor":[255,255,255,255],"outRadius":0,"outX":0,"outY":0,"radius":2,"rx":962,"ry":388,"w":2048,"x":887,"y":381},{"areaColor":[65,5,30,255],"groupId":0,"h":2048,"identify":112,"lx":941,"ly":380,"originColor":[255,255,255,255],"outRadius":0,"outX":0,"outY":0,"radius":2,"rx":959,"ry":385,"w":2048,"x":946,"y":381},{"areaColor":[165,10,30,255],"groupId":0,"h":2048,"identify":113,"lx":735,"ly":589,"originColor":[255,255,255,255],"outRadius":0,"outX":0,"outY":0,"radius":20,"rx":996,"ry":657,"w":2048,"x":780,"y":613},{"areaColor":[240,10,30,255],"groupId":0,"h":2048,"identify":114,"lx":774,"ly":644,"originColor":[255,255,255,255],"outRadius":0,"outX":0,"outY":0,"radius":36,"rx":1021,"ry":903,"w":2048,"x":948,"y":693},{"areaColor":[30,15,30,255],"groupId":0,"h":2048,"identify":115,"lx":776,"ly":659,"originColor":[255,255,255,255],"outRadius":0,"outX":0,"outY":0,"radius":33,"rx":1004,"ry":901,"w":2048,"x":957,"y":848},{"areaColor":[230,10,30,255],"groupId":0,"h":2048,"identify":116,"lx":766,"ly":634,"originColor":[255,255,255,255],"outRadius":0,"outX":0,"outY":0,"radius":34,"rx":1062,"ry":825,"w":2048,"x":848,"y":686},{"areaColor":[140,15,30,255],"groupId":0,"h":2048,"identify":117,"lx":998,"ly":720,"originColor":[255,255,255,255],"outRadius":0,"outX":0,"outY":0,"radius":13,"rx":1057,"ry":821,"w":2048,"x":1020,"y":779},{"areaColor":[235,10,30,255],"groupId":0,"h":2048,"identify":118,"lx":1032,"ly":637,"originColor":[255,255,255,255],"outRadius":0,"outX":0,"outY":0,"radius":19,"rx":1082,"ry":716,"w":2048,"x":1055,"y":676},{"areaColor":[50,20,30,255],"groupId":0,"h":2048,"identify":119,"lx":567,"ly":848,"originColor":[255,255,255,255],"outRadius":0,"outX":0,"outY":0,"radius":48,"rx":963,"ry":1226,"w":2048,"x":901,"y":915},{"areaColor":[170,20,30,255],"groupId":0,"h":2048,"identify":120,"lx":571,"ly":973,"originColor":[225,225,225,255],"outRadius":0,"outX":0,"outY":0,"radius":32,"rx":903,"ry":1220,"w":2048,"x":666,"y":1149},{"areaColor":[75,20,30,255],"groupId":0,"h":2048,"identify":121,"lx":209,"ly":877,"originColor":[237,237,237,255],"outRadius":0,"outX":0,"outY":0,"radius":121,"rx":1186,"ry":1950,"w":2048,"x":676,"y":1790},{"areaColor":[135,25,30,255],"groupId":0,"h":2048,"identify":122,"lx":541,"ly":1188,"originColor":[225,225,225,255],"outRadius":0,"outX":0,"outY":0,"radius":26,"rx":731,"ry":1325,"w":2048,"x":598,"y":1252},{"areaColor":[15,40,30,255],"groupId":0,"h":2048,"identify":123,"lx":474,"ly":1812,"originColor":[225,225,225,255],"outRadius":0,"outX":0,"outY":0,"radius":26,"rx":558,"ry":1883,"w":2048,"x":523,"y":1846},{"areaColor":[165,35,30,255],"groupId":0,"h":2048,"identify":124,"lx":213,"ly":1729,"originColor":[237,237,237,255],"outRadius":0,"outX":0,"outY":0,"radius":29,"rx":657,"ry":1929,"w":2048,"x":559,"y":1896},{"areaColor":[210,35,30,255],"groupId":0,"h":2048,"identify":125,"lx":303,"ly":1750,"originColor":[225,225,225,255],"outRadius":0,"outX":0,"outY":0,"radius":9,"rx":365,"ry":1802,"w":2048,"x":345,"y":1781},{"areaColor":[110,0,30,255],"groupId":0,"h":2048,"identify":126,"lx":1001,"ly":70,"originColor":[248,244,244,255],"outRadius":0,"outX":0,"outY":0,"radius":8,"rx":1257,"ry":251,"w":2048,"x":1179,"y":190},{"areaColor":[95,0,30,255],"groupId":0,"h":2048,"identify":127,"lx":1136,"ly":157,"originColor":[255,255,255,255],"outRadius":0,"outX":0,"outY":0,"radius":7,"rx":1193,"ry":180,"w":2048,"x":1167,"y":166},{"areaColor":[40,0,30,255],"groupId":0,"h":2048,"identify":128,"lx":1111,"ly":105,"originColor":[255,255,255,255],"outRadius":0,"outX":0,"outY":0,"radius":13,"rx":1244,"ry":241,"w":2048,"x":1169,"y":127},{"areaColor":[20,0,30,255],"groupId":0,"h":2048,"identify":129,"lx":1141,"ly":82,"originColor":[255,255,255,255],"outRadius":0,"outX":0,"outY":0,"radius":12,"rx":1252,"ry":192,"w":2048,"x":1179,"y":100},{"areaColor":[45,0,30,255],"groupId":0,"h":2048,"identify":130,"lx":1095,"ly":123,"originColor":[253,251,251,255],"outRadius":0,"outX":0,"outY":0,"radius":12,"rx":1216,"ry":167,"w":2048,"x":1126,"y":135},{"areaColor":[35,0,30,255],"groupId":0,"h":2048,"identify":131,"lx":1032,"ly":104,"originColor":[255,255,255,255],"outRadius":0,"outX":0,"outY":0,"radius":10,"rx":1094,"ry":166,"w":2048,"x":1071,"y":117},{"areaColor":[50,0,30,255],"groupId":0,"h":2048,"identify":132,"lx":1046,"ly":125,"originColor":[225,225,225,255],"outRadius":0,"outX":0,"outY":0,"radius":6,"rx":1083,"ry":147,"w":2048,"x":1053,"y":132},{"areaColor":[65,0,30,255],"groupId":0,"h":2048,"identify":133,"lx":1052,"ly":141,"originColor":[225,225,225,255],"outRadius":0,"outX":0,"outY":0,"radius":5,"rx":1078,"ry":154,"w":2048,"x":1065,"y":146},{"areaColor":[60,0,30,255],"groupId":0,"h":2048,"identify":134,"lx":1017,"ly":128,"originColor":[255,255,255,255],"outRadius":0,"outX":0,"outY":0,"radius":7,"rx":1059,"ry":175,"w":2048,"x":1023,"y":140},{"areaColor":[80,0,30,255],"groupId":0,"h":2048,"identify":135,"lx":1008,"ly":149,"originColor":[255,255,255,255],"outRadius":0,"outX":0,"outY":0,"radius":4,"rx":1029,"ry":185,"w":2048,"x":1025,"y":165},{"areaColor":[100,0,30,255],"groupId":0,"h":2048,"identify":136,"lx":1042,"ly":173,"originColor":[255,255,255,255],"outRadius":0,"outX":0,"outY":0,"radius":3,"rx":1053,"ry":188,"w":2048,"x":1050,"y":179},{"areaColor":[30,0,30,255],"groupId":0,"h":2048,"identify":137,"lx":1073,"ly":102,"originColor":[255,255,255,255],"outRadius":0,"outX":0,"outY":0,"radius":10,"rx":1113,"ry":137,"w":2048,"x":1101,"y":114},{"areaColor":[10,0,30,255],"groupId":0,"h":2048,"identify":138,"lx":1102,"ly":74,"originColor":[230,230,230,255],"outRadius":0,"outX":0,"outY":0,"radius":13,"rx":1173,"ry":102,"w":2048,"x":1135,"y":87},{"areaColor":[25,0,30,255],"groupId":0,"h":2048,"identify":139,"lx":1079,"ly":88,"originColor":[255,255,255,255],"outRadius":0,"outX":0,"outY":0,"radius":6,"rx":1128,"ry":109,"w":2048,"x":1111,"y":97},{"areaColor":[15,0,30,255],"groupId":0,"h":2048,"identify":140,"lx":1163,"ly":75,"originColor":[255,255,255,255],"outRadius":0,"outX":0,"outY":0,"radius":4,"rx":1190,"ry":84,"w":2048,"x":1179,"y":81},{"areaColor":[120,0,30,255],"groupId":0,"h":2048,"identify":141,"lx":1067,"ly":184,"originColor":[255,255,255,255],"outRadius":0,"outX":0,"outY":0,"radius":3,"rx":1121,"ry":205,"w":2048,"x":1083,"y":201},{"areaColor":[140,0,30,255],"groupId":0,"h":2048,"identify":142,"lx":1216,"ly":221,"originColor":[225,225,225,255],"outRadius":0,"outX":0,"outY":0,"radius":4,"rx":1243,"ry":248,"w":2048,"x":1223,"y":226},{"areaColor":[125,0,30,255],"groupId":0,"h":2048,"identify":143,"lx":1110,"ly":202,"originColor":[255,255,255,255],"outRadius":0,"outX":0,"outY":0,"radius":4,"rx":1131,"ry":219,"w":2048,"x":1118,"y":210},{"areaColor":[135,0,30,255],"groupId":0,"h":2048,"identify":144,"lx":1102,"ly":206,"originColor":[225,225,225,255],"outRadius":0,"outX":0,"outY":0,"radius":3,"rx":1113,"ry":220,"w":2048,"x":1107,"y":213},{"areaColor":[155,0,30,255],"groupId":0,"h":2048,"identify":145,"lx":1126,"ly":257,"originColor":[255,255,255,255],"outRadius":0,"outX":0,"outY":0,"radius":22,"rx":1286,"ry":403,"w":2048,"x":1251,"y":331},{"areaColor":[190,0,30,255],"groupId":0,"h":2048,"identify":146,"lx":1127,"ly":282,"originColor":[255,255,255,255],"outRadius":0,"outX":0,"outY":0,"radius":8,"rx":1261,"ry":384,"w":2048,"x":1226,"y":306},{"areaColor":[250,0,30,255],"groupId":0,"h":2048,"identify":147,"lx":1132,"ly":348,"originColor":[255,255,255,255],"outRadius":0,"outX":0,"outY":0,"radius":3,"rx":1148,"ry":381,"w":2048,"x":1139,"y":364},{"areaColor":[225,0,30,255],"groupId":0,"h":2048,"identify":148,"lx":955,"ly":325,"originColor":[255,255,255,255],"outRadius":0,"outX":0,"outY":0,"radius":58,"rx":1496,"ry":1076,"w":2048,"x":1094,"y":519},{"areaColor":[105,10,30,255],"groupId":0,"h":2048,"identify":149,"lx":1259,"ly":509,"originColor":[255,255,255,255],"outRadius":0,"outX":0,"outY":0,"radius":40,"rx":1369,"ry":656,"w":2048,"x":1319,"y":603},{"areaColor":[10,15,30,255],"groupId":0,"h":2048,"identify":150,"lx":1132,"ly":656,"originColor":[225,225,225,255],"outRadius":0,"outX":0,"outY":0,"radius":17,"rx":1262,"ry":735,"w":2048,"x":1166,"y":719},{"areaColor":[120,15,30,255],"groupId":0,"h":2048,"identify":151,"lx":1060,"ly":708,"originColor":[255,255,255,255],"outRadius":0,"outX":0,"outY":0,"radius":11,"rx":1122,"ry":734,"w":2048,"x":1083,"y":722},{"areaColor":[100,10,30,255],"groupId":0,"h":2048,"identify":152,"lx":961,"ly":501,"originColor":[255,255,255,255],"outRadius":0,"outX":0,"outY":0,"radius":22,"rx":1032,"ry":698,"w":2048,"x":990,"y":573},{"areaColor":[210,10,30,255],"groupId":0,"h":2048,"identify":153,"lx":1376,"ly":621,"originColor":[255,255,255,255],"outRadius":0,"outX":0,"outY":0,"radius":43,"rx":1494,"ry":804,"w":2048,"x":1448,"y":761},{"areaColor":[210,15,30,255],"groupId":0,"h":2048,"identify":154,"lx":1097,"ly":778,"originColor":[255,255,255,255],"outRadius":0,"outX":0,"outY":0,"radius":76,"rx":1369,"ry":1037,"w":2048,"x":1216,"y":938},{"areaColor":[230,15,30,255],"groupId":0,"h":2048,"identify":155,"lx":1023,"ly":790,"originColor":[255,255,255,255],"outRadius":0,"outX":0,"outY":0,"radius":30,"rx":1100,"ry":1049,"w":2048,"x":1054,"y":912},{"areaColor":[255,15,30,255],"groupId":0,"h":2048,"identify":156,"lx":1072,"ly":812,"originColor":[255,255,255,255],"outRadius":0,"outX":0,"outY":0,"radius":8,"rx":1382,"ry":1073,"w":2048,"x":1117,"y":1055},{"areaColor":[240,15,30,255],"groupId":0,"h":2048,"identify":157,"lx":1073,"ly":803,"originColor":[225,225,225,255],"outRadius":0,"outX":0,"outY":0,"radius":4,"rx":1080,"ry":813,"w":2048,"x":1077,"y":806},{"areaColor":[230,20,30,255],"groupId":0,"h":2048,"identify":158,"lx":1159,"ly":1029,"originColor":[255,255,255,255],"outRadius":0,"outX":0,"outY":0,"radius":7,"rx":1199,"ry":1047,"w":2048,"x":1179,"y":1037},{"areaColor":[195,20,30,255],"groupId":0,"h":2048,"identify":159,"lx":1135,"ly":1010,"originColor":[255,255,255,255],"outRadius":0,"outX":0,"outY":0,"radius":7,"rx":1151,"ry":1043,"w":2048,"x":1144,"y":1025},{"areaColor":[170,10,30,255],"groupId":0,"h":2048,"identify":160,"lx":1225,"ly":598,"originColor":[255,255,255,255],"outRadius":0,"outX":0,"outY":0,"radius":3,"rx":1250,"ry":607,"w":2048,"x":1229,"y":601},{"areaColor":[35,15,30,255],"groupId":0,"h":2048,"identify":161,"lx":1265,"ly":645,"originColor":[255,255,255,255],"outRadius":0,"outX":0,"outY":0,"radius":21,"rx":1406,"ry":792,"w":2048,"x":1383,"y":737},{"areaColor":[245,10,30,255],"groupId":0,"h":2048,"identify":162,"lx":1268,"ly":647,"originColor":[255,255,255,255],"outRadius":0,"outX":0,"outY":0,"radius":22,"rx":1355,"ry":751,"w":2048,"x":1320,"y":685},{"areaColor":[25,15,30,255],"groupId":0,"h":2048,"identify":163,"lx":1297,"ly":656,"originColor":[225,225,225,255],"outRadius":0,"outX":0,"outY":0,"radius":5,"rx":1383,"ry":779,"w":2048,"x":1353,"y":762},{"areaColor":[130,15,30,255],"groupId":0,"h":2048,"identify":164,"lx":1300,"ly":712,"originColor":[225,225,225,255],"outRadius":0,"outX":0,"outY":0,"radius":5,"rx":1342,"ry":762,"w":2048,"x":1326,"y":753},{"areaColor":[75,10,30,255],"groupId":0,"h":2048,"identify":165,"lx":1333,"ly":487,"originColor":[255,255,255,255],"outRadius":0,"outX":0,"outY":0,"radius":60,"rx":1753,"ry":1855,"w":2048,"x":1631,"y":1751},{"areaColor":[135,10,30,255],"groupId":0,"h":2048,"identify":166,"lx":1345,"ly":545,"originColor":[255,255,255,255],"outRadius":0,"outX":0,"outY":0,"radius":26,"rx":1589,"ry":1886,"w":2048,"x":1483,"y":1851},{"areaColor":[200,10,30,255],"groupId":0,"h":2048,"identify":167,"lx":1375,"ly":569,"originColor":[255,255,255,255],"outRadius":0,"outX":0,"outY":0,"radius":6,"rx":1537,"ry":1855,"w":2048,"x":1467,"y":652},{"areaColor":[150,10,30,255],"groupId":0,"h":2048,"identify":168,"lx":1376,"ly":571,"originColor":[255,255,255,255],"outRadius":0,"outX":0,"outY":0,"radius":5,"rx":1412,"ry":627,"w":2048,"x":1403,"y":614},{"areaColor":[75,15,30,255],"groupId":0,"h":2048,"identify":169,"lx":1488,"ly":687,"originColor":[255,255,255,255],"outRadius":0,"outX":0,"outY":0,"radius":5,"rx":1522,"ry":768,"w":2048,"x":1513,"y":729},{"areaColor":[225,15,30,255],"groupId":0,"h":2048,"identify":170,"lx":1504,"ly":787,"originColor":[255,255,255,255],"outRadius":0,"outX":0,"outY":0,"radius":5,"rx":1534,"ry":869,"w":2048,"x":1523,"y":831},{"areaColor":[70,20,30,255],"groupId":0,"h":2048,"identify":171,"lx":1504,"ly":879,"originColor":[255,255,255,255],"outRadius":0,"outX":0,"outY":0,"radius":5,"rx":1534,"ry":961,"w":2048,"x":1524,"y":921},{"areaColor":[165,20,30,255],"groupId":0,"h":2048,"identify":172,"lx":1505,"ly":972,"originColor":[255,255,255,255],"outRadius":0,"outX":0,"outY":0,"radius":5,"rx":1535,"ry":1053,"w":2048,"x":1525,"y":1014},{"areaColor":[255,20,30,255],"groupId":0,"h":2048,"identify":173,"lx":1505,"ly":1067,"originColor":[255,255,255,255],"outRadius":0,"outX":0,"outY":0,"radius":5,"rx":1535,"ry":1148,"w":2048,"x":1524,"y":1110},{"areaColor":[85,25,30,255],"groupId":0,"h":2048,"identify":174,"lx":1502,"ly":1164,"originColor":[255,255,255,255],"outRadius":0,"outX":0,"outY":0,"radius":5,"rx":1531,"ry":1246,"w":2048,"x":1521,"y":1207},{"areaColor":[195,25,30,255],"groupId":0,"h":2048,"identify":175,"lx":1498,"ly":1260,"originColor":[255,255,255,255],"outRadius":0,"outX":0,"outY":0,"radius":5,"rx":1528,"ry":1342,"w":2048,"x":1516,"y":1305},{"areaColor":[220,25,30,255],"groupId":0,"h":2048,"identify":176,"lx":1498,"ly":1360,"originColor":[255,255,255,255],"outRadius":0,"outX":0,"outY":0,"radius":5,"rx":1528,"ry":1442,"w":2048,"x":1515,"y":1406},{"areaColor":[75,30,30,255],"groupId":0,"h":2048,"identify":177,"lx":1496,"ly":1456,"originColor":[255,255,255,255],"outRadius":0,"outX":0,"outY":0,"radius":5,"rx":1526,"ry":1537,"w":2048,"x":1516,"y":1498},{"areaColor":[150,30,30,255],"groupId":0,"h":2048,"identify":178,"lx":1488,"ly":1560,"originColor":[255,255,255,255],"outRadius":0,"outX":0,"outY":0,"radius":5,"rx":1518,"ry":1641,"w":2048,"x":1507,"y":1603},{"areaColor":[255,30,30,255],"groupId":0,"h":2048,"identify":179,"lx":1490,"ly":1663,"originColor":[255,255,255,255],"outRadius":0,"outX":0,"outY":0,"radius":5,"rx":1522,"ry":1745,"w":2048,"x":1515,"y":1701},{"areaColor":[235,35,30,255],"groupId":0,"h":2048,"identify":180,"lx":1499,"ly":1772,"originColor":[255,255,255,255],"outRadius":0,"outX":0,"outY":0,"radius":5,"rx":1531,"ry":1853,"w":2048,"x":1521,"y":1816},{"areaColor":[20,40,30,255],"groupId":0,"h":2048,"identify":181,"lx":1596,"ly":1779,"originColor":[255,255,255,255],"outRadius":0,"outX":0,"outY":0,"radius":4,"rx":1731,"ry":1837,"w":2048,"x":1608,"y":1832},{"areaColor":[240,35,30,255],"groupId":0,"h":2048,"identify":182,"lx":1674,"ly":1780,"originColor":[255,255,255,255],"outRadius":0,"outX":0,"outY":0,"radius":4,"rx":1729,"ry":1815,"w":2048,"x":1694,"y":1791},{"areaColor":[195,15,30,255],"groupId":0,"h":2048,"identify":183,"lx":993,"ly":615,"originColor":[255,255,255,255],"outRadius":0,"outX":0,"outY":0,"radius":69,"rx":1493,"ry":1832,"w":2048,"x":1419,"y":878},{"areaColor":[205,10,30,255],"groupId":0,"h":2048,"identify":184,"lx":1352,"ly":618,"originColor":[255,255,255,255],"outRadius":0,"outX":0,"outY":0,"radius":11,"rx":1383,"ry":656,"w":2048,"x":1372,"y":645},{"areaColor":[205,15,30,255],"groupId":0,"h":2048,"identify":185,"lx":996,"ly":770,"originColor":[255,255,255,255],"outRadius":0,"outX":0,"outY":0,"radius":19,"rx":1047,"ry":913,"w":2048,"x":1015,"y":841},{"areaColor":[80,5,30,255],"groupId":0,"h":2048,"identify":186,"lx":1203,"ly":381,"originColor":[255,255,255,255],"outRadius":0,"outX":0,"outY":0,"radius":23,"rx":1398,"ry":555,"w":2048,"x":1291,"y":428},{"areaColor":[35,10,30,255],"groupId":0,"h":2048,"identify":187,"lx":1206,"ly":461,"originColor":[255,255,255,255],"outRadius":0,"outX":0,"outY":0,"radius":17,"rx":1282,"ry":520,"w":2048,"x":1250,"y":494},{"areaColor":[40,10,30,255],"groupId":0,"h":2048,"identify":188,"lx":1262,"ly":447,"originColor":[255,255,255,255],"outRadius":0,"outX":0,"outY":0,"radius":5,"rx":1329,"ry":508,"w":2048,"x":1279,"y":475},{"areaColor":[50,10,30,255],"groupId":0,"h":2048,"identify":189,"lx":1286,"ly":471,"originColor":[255,255,255,255],"outRadius":0,"outX":0,"outY":0,"radius":1,"rx":1290,"ry":481,"w":2048,"x":1289,"y":472},{"areaColor":[45,10,30,255],"groupId":0,"h":2048,"identify":190,"lx":1292,"ly":470,"originColor":[255,255,255,255],"outRadius":0,"outX":0,"outY":0,"radius":7,"rx":1306,"ry":484,"w":2048,"x":1299,"y":477},{"areaColor":[20,10,30,255],"groupId":0,"h":2048,"identify":191,"lx":1282,"ly":454,"originColor":[255,255,255,255],"outRadius":0,"outX":0,"outY":0,"radius":6,"rx":1296,"ry":467,"w":2048,"x":1289,"y":460},{"areaColor":[255,5,30,255],"groupId":0,"h":2048,"identify":192,"lx":1263,"ly":448,"originColor":[255,255,255,255],"outRadius":0,"outX":0,"outY":0,"radius":7,"rx":1278,"ry":461,"w":2048,"x":1270,"y":455},{"areaColor":[70,10,30,255],"groupId":0,"h":2048,"identify":193,"lx":1283,"ly":485,"originColor":[255,255,255,255],"outRadius":0,"outX":0,"outY":0,"radius":5,"rx":1294,"ry":495,"w":2048,"x":1288,"y":490},{"areaColor":[15,10,30,255],"groupId":0,"h":2048,"identify":194,"lx":1313,"ly":449,"originColor":[255,255,255,255],"outRadius":0,"outX":0,"outY":0,"radius":7,"rx":1327,"ry":463,"w":2048,"x":1320,"y":456},{"areaColor":[85,10,30,255],"groupId":0,"h":2048,"identify":195,"lx":1307,"ly":493,"originColor":[255,255,255,255],"outRadius":0,"outX":0,"outY":0,"radius":6,"rx":1321,"ry":506,"w":2048,"x":1314,"y":499},{"areaColor":[55,10,30,255],"groupId":0,"h":2048,"identify":196,"lx":1315,"ly":472,"originColor":[255,255,255,255],"outRadius":0,"outX":0,"outY":0,"radius":5,"rx":1325,"ry":483,"w":2048,"x":1320,"y":478},{"areaColor":[55,5,30,255],"groupId":0,"h":2048,"identify":197,"lx":995,"ly":371,"originColor":[255,255,255,255],"outRadius":0,"outX":0,"outY":0,"radius":23,"rx":1499,"ry":430,"w":2048,"x":1453,"y":405},{"areaColor":[50,5,30,255],"groupId":0,"h":2048,"identify":198,"lx":999,"ly":376,"originColor":[225,225,225,255],"outRadius":0,"outX":0,"outY":0,"radius":7,"rx":1116,"ry":423,"w":2048,"x":1066,"y":401},{"areaColor":[195,5,30,255],"groupId":0,"h":2048,"identify":199,"lx":972,"ly":405,"originColor":[255,255,255,255],"outRadius":0,"outX":0,"outY":0,"radius":8,"rx":1535,"ry":613,"w":2048,"x":1000,"y":492},{"areaColor":[150,5,30,255],"groupId":0,"h":2048,"identify":200,"lx":1010,"ly":420,"originColor":[255,255,255,255],"outRadius":0,"outX":0,"outY":0,"radius":5,"rx":1032,"ry":497,"w":2048,"x":1023,"y":429},{"areaColor":[175,5,30,255],"groupId":0,"h":2048,"identify":201,"lx":976,"ly":425,"originColor":[255,255,255,255],"outRadius":0,"outX":0,"outY":0,"radius":4,"rx":1011,"ry":511,"w":2048,"x":983,"y":503},{"areaColor":[115,5,30,255],"groupId":0,"h":2048,"identify":202,"lx":1365,"ly":407,"originColor":[255,255,255,255],"outRadius":0,"outX":0,"outY":0,"radius":19,"rx":1530,"ry":493,"w":2048,"x":1403,"y":447},{"areaColor":[140,5,30,255],"groupId":0,"h":2048,"identify":203,"lx":1017,"ly":415,"originColor":[255,255,255,255],"outRadius":0,"outX":0,"outY":0,"radius":10,"rx":1056,"ry":610,"w":2048,"x":1026,"y":590},{"areaColor":[245,0,30,255],"groupId":0,"h":2048,"identify":204,"lx":1093,"ly":341,"originColor":[255,255,255,255],"outRadius":0,"outX":0,"outY":0,"radius":27,"rx":1411,"ry":734,"w":2048,"x":1338,"y":377},{"areaColor":[70,5,30,255],"groupId":0,"h":2048,"identify":205,"lx":1272,"ly":380,"originColor":[255,255,255,255],"outRadius":0,"outX":0,"outY":0,"radius":2,"rx":1283,"ry":392,"w":2048,"x":1280,"y":386},{"areaColor":[100,5,30,255],"groupId":0,"h":2048,"identify":206,"lx":1265,"ly":393,"originColor":[255,255,255,255],"outRadius":0,"outX":0,"outY":0,"radius":2,"rx":1270,"ry":407,"w":2048,"x":1268,"y":398},{"areaColor":[220,5,30,255],"groupId":0,"h":2048,"identify":207,"lx":1192,"ly":435,"originColor":[255,255,255,255],"outRadius":0,"outX":0,"outY":0,"radius":11,"rx":1260,"ry":493,"w":2048,"x":1226,"y":464},{"areaColor":[90,10,30,255],"groupId":0,"h":2048,"identify":208,"lx":1106,"ly":494,"originColor":[255,255,255,255],"outRadius":0,"outX":0,"outY":0,"radius":11,"rx":1207,"ry":638,"w":2048,"x":1190,"y":513},{"areaColor":[225,10,30,255],"groupId":0,"h":2048,"identify":209,"lx":1120,"ly":632,"originColor":[255,255,255,255],"outRadius":0,"outX":0,"outY":0,"radius":5,"rx":1200,"ry":731,"w":2048,"x":1190,"y":651},{"areaColor":[130,10,30,255],"groupId":0,"h":2048,"identify":210,"lx":1218,"ly":527,"originColor":[255,255,255,255],"outRadius":0,"outX":0,"outY":0,"radius":8,"rx":1270,"ry":571,"w":2048,"x":1245,"y":559},{"areaColor":[155,10,30,255],"groupId":0,"h":2048,"identify":211,"lx":1095,"ly":575,"originColor":[255,255,255,255],"outRadius":0,"outX":0,"outY":0,"radius":6,"rx":1205,"ry":717,"w":2048,"x":1106,"y":707},{"areaColor":[110,10,30,255],"groupId":0,"h":2048,"identify":212,"lx":1078,"ly":510,"originColor":[255,255,255,255],"outRadius":0,"outX":0,"outY":0,"radius":8,"rx":1241,"ry":727,"w":2048,"x":1205,"y":531},{"areaColor":[120,10,30,255],"groupId":0,"h":2048,"identify":213,"lx":1085,"ly":520,"originColor":[255,255,255,255],"outRadius":0,"outX":0,"outY":0,"radius":6,"rx":1238,"ry":708,"w":2048,"x":1187,"y":584},{"areaColor":[185,10,30,255],"groupId":0,"h":2048,"identify":214,"lx":1109,"ly":602,"originColor":[255,255,255,255],"outRadius":0,"outX":0,"outY":0,"radius":6,"rx":1203,"ry":724,"w":2048,"x":1196,"y":621},{"areaColor":[155,15,30,255],"groupId":0,"h":2048,"identify":215,"lx":1048,"ly":732,"originColor":[255,255,255,255],"outRadius":0,"outX":0,"outY":0,"radius":29,"rx":1292,"ry":799,"w":2048,"x":1170,"y":767},{"areaColor":[170,15,30,255],"groupId":0,"h":2048,"identify":216,"lx":1051,"ly":738,"originColor":[255,255,255,255],"outRadius":0,"outX":0,"outY":0,"radius":8,"rx":1068,"ry":792,"w":2048,"x":1059,"y":761},{"areaColor":[165,15,30,255],"groupId":0,"h":2048,"identify":217,"lx":1067,"ly":734,"originColor":[255,255,255,255],"outRadius":0,"outX":0,"outY":0,"radius":6,"rx":1140,"ry":802,"w":2048,"x":1075,"y":742},{"areaColor":[190,15,30,255],"groupId":0,"h":2048,"identify":218,"lx":1079,"ly":749,"originColor":[255,255,255,255],"outRadius":0,"outX":0,"outY":0,"radius":7,"rx":1128,"ry":793,"w":2048,"x":1115,"y":757},{"areaColor":[20,20,30,255],"groupId":0,"h":2048,"identify":219,"lx":1072,"ly":802,"originColor":[255,255,255,255],"outRadius":0,"outX":0,"outY":0,"radius":6,"rx":1378,"ry":1069,"w":2048,"x":1362,"y":968},{"areaColor":[245,15,30,255],"groupId":0,"h":2048,"identify":220,"lx":1084,"ly":804,"originColor":[225,225,225,255],"outRadius":0,"outX":0,"outY":0,"radius":7,"rx":1096,"ry":827,"w":2048,"x":1090,"y":810},{"areaColor":[185,20,30,255],"groupId":0,"h":2048,"identify":221,"lx":1133,"ly":998,"originColor":[255,255,255,255],"outRadius":0,"outX":0,"outY":0,"radius":7,"rx":1207,"ry":1050,"w":2048,"x":1189,"y":1021},{"areaColor":[220,20,30,255],"groupId":0,"h":2048,"identify":222,"lx":1075,"ly":1025,"originColor":[225,225,225,255],"outRadius":0,"outX":0,"outY":0,"radius":6,"rx":1103,"ry":1067,"w":2048,"x":1089,"y":1059},{"areaColor":[200,20,30,255],"groupId":0,"h":2048,"identify":223,"lx":1077,"ly":1008,"originColor":[255,255,255,255],"outRadius":0,"outX":0,"outY":0,"radius":87,"rx":1352,"ry":1462,"w":2048,"x":1250,"y":1151},{"areaColor":[40,30,30,255],"groupId":0,"h":2048,"identify":224,"lx":1192,"ly":1407,"originColor":[255,255,255,255],"outRadius":0,"outX":0,"outY":0,"radius":6,"rx":1238,"ry":1449,"w":2048,"x":1201,"y":1423},{"areaColor":[240,20,30,255],"groupId":0,"h":2048,"identify":225,"lx":1080,"ly":1050,"originColor":[255,255,255,255],"outRadius":0,"outX":0,"outY":0,"radius":31,"rx":1183,"ry":1409,"w":2048,"x":1151,"y":1262},{"areaColor":[60,30,30,255],"groupId":0,"h":2048,"identify":226,"lx":1182,"ly":1422,"originColor":[255,255,255,255],"outRadius":0,"outX":0,"outY":0,"radius":62,"rx":1343,"ry":1606,"w":2048,"x":1263,"y":1527},{"areaColor":[105,30,30,255],"groupId":0,"h":2048,"identify":227,"lx":1181,"ly":1536,"originColor":[255,255,255,255],"outRadius":0,"outX":0,"outY":0,"radius":10,"rx":1345,"ry":1632,"w":2048,"x":1256,"y":1617},{"areaColor":[175,30,30,255],"groupId":0,"h":2048,"identify":228,"lx":1140,"ly":1398,"originColor":[255,255,255,255],"outRadius":0,"outX":0,"outY":0,"radius":51,"rx":1341,"ry":1967,"w":2048,"x":1256,"y":1685},{"areaColor":[35,30,30,255],"groupId":0,"h":2048,"identify":229,"lx":1143,"ly":1401,"originColor":[255,255,255,255],"outRadius":0,"outX":0,"outY":0,"radius":22,"rx":1203,"ry":1823,"w":2048,"x":1168,"y":1435},{"areaColor":[55,40,30,255],"groupId":0,"h":2048,"identify":230,"lx":1252,"ly":1945,"originColor":[255,255,255,255],"outRadius":0,"outX":0,"outY":0,"radius":17,"rx":1339,"ry":1990,"w":2048,"x":1308,"y":1968},{"areaColor":[155,20,30,255],"groupId":0,"h":2048,"identify":231,"lx":1576,"ly":957,"originColor":[255,255,255,255],"outRadius":0,"outX":0,"outY":0,"radius":25,"rx":2015,"ry":1867,"w":2048,"x":1679,"y":1067},{"areaColor":[10,25,30,255],"groupId":0,"h":2048,"identify":232,"lx":1580,"ly":1067,"originColor":[255,255,255,255],"outRadius":0,"outX":0,"outY":0,"radius":29,"rx":1843,"ry":1279,"w":2048,"x":1614,"y":1168},{"areaColor":[100,25,30,255],"groupId":0,"h":2048,"identify":233,"lx":1804,"ly":1179,"originColor":[255,255,255,255],"outRadius":0,"outX":0,"outY":0,"radius":7,"rx":1850,"ry":1194,"w":2048,"x":1817,"y":1186},{"areaColor":[165,25,30,255],"groupId":0,"h":2048,"identify":234,"lx":1775,"ly":1219,"originColor":[255,255,255,255],"outRadius":0,"outX":0,"outY":0,"radius":2,"rx":1788,"ry":1229,"w":2048,"x":1779,"y":1222},{"areaColor":[180,25,30,255],"groupId":0,"h":2048,"identify":235,"lx":1601,"ly":1230,"originColor":[255,255,255,255],"outRadius":0,"outX":0,"outY":0,"radius":52,"rx":1916,"ry":1490,"w":2048,"x":1747,"y":1343},{"areaColor":[80,30,30,255],"groupId":0,"h":2048,"identify":236,"lx":1619,"ly":1464,"originColor":[255,255,255,255],"outRadius":0,"outX":0,"outY":0,"radius":50,"rx":1991,"ry":1643,"w":2048,"x":1691,"y":1583},{"areaColor":[195,30,30,255],"groupId":0,"h":2048,"identify":237,"lx":1670,"ly":1601,"originColor":[255,255,255,255],"outRadius":0,"outX":0,"outY":0,"radius":31,"rx":2013,"ry":1809,"w":2048,"x":1923,"y":1695},{"areaColor":[30,40,30,255],"groupId":0,"h":2048,"identify":238,"lx":1814,"ly":1825,"originColor":[255,255,255,255],"outRadius":0,"outX":0,"outY":0,"radius":4,"rx":1846,"ry":1842,"w":2048,"x":1823,"y":1831},{"areaColor":[35,40,30,255],"groupId":0,"h":2048,"identify":239,"lx":1713,"ly":1830,"originColor":[255,255,255,255],"outRadius":0,"outX":0,"outY":0,"radius":4,"rx":1741,"ry":1865,"w":2048,"x":1719,"y":1839},{"areaColor":[175,35,30,255],"groupId":0,"h":2048,"identify":240,"lx":1898,"ly":1731,"originColor":[255,255,255,255],"outRadius":0,"outX":0,"outY":0,"radius":3,"rx":1923,"ry":1740,"w":2048,"x":1903,"y":1736},{"areaColor":[50,35,30,255],"groupId":0,"h":2048,"identify":241,"lx":1704,"ly":1694,"originColor":[255,255,255,255],"outRadius":0,"outX":0,"outY":0,"radius":12,"rx":1733,"ry":1730,"w":2048,"x":1716,"y":1712},{"areaColor":[85,35,30,255],"groupId":0,"h":2048,"identify":242,"lx":1774,"ly":1707,"originColor":[255,255,255,255],"outRadius":0,"outX":0,"outY":0,"radius":7,"rx":1792,"ry":1727,"w":2048,"x":1785,"y":1715},{"areaColor":[40,35,30,255],"groupId":0,"h":2048,"identify":243,"lx":1696,"ly":1687,"originColor":[255,255,255,255],"outRadius":0,"outX":0,"outY":0,"radius":5,"rx":1817,"ry":1835,"w":2048,"x":1755,"y":1762},{"areaColor":[220,35,30,255],"groupId":0,"h":2048,"identify":244,"lx":1762,"ly":1764,"originColor":[255,255,255,255],"outRadius":0,"outX":0,"outY":0,"radius":7,"rx":1815,"ry":1833,"w":2048,"x":1805,"y":1787},{"areaColor":[185,35,30,255],"groupId":0,"h":2048,"identify":245,"lx":1796,"ly":1737,"originColor":[255,255,255,255],"outRadius":0,"outX":0,"outY":0,"radius":4,"rx":1809,"ry":1749,"w":2048,"x":1802,"y":1742},{"areaColor":[200,35,30,255],"groupId":0,"h":2048,"identify":246,"lx":1763,"ly":1740,"originColor":[255,255,255,255],"outRadius":0,"outX":0,"outY":0,"radius":4,"rx":1787,"ry":1754,"w":2048,"x":1779,"y":1749},{"areaColor":[170,35,30,255],"groupId":0,"h":2048,"identify":247,"lx":1714,"ly":1731,"originColor":[255,255,255,255],"outRadius":0,"outX":0,"outY":0,"radius":4,"rx":1748,"ry":1754,"w":2048,"x":1738,"y":1749},{"areaColor":[205,35,30,255],"groupId":0,"h":2048,"identify":248,"lx":1718,"ly":1708,"originColor":[255,255,255,255],"outRadius":0,"outX":0,"outY":0,"radius":14,"rx":1845,"ry":1855,"w":2048,"x":1812,"y":1761},{"areaColor":[230,35,30,255],"groupId":0,"h":2048,"identify":249,"lx":1746,"ly":1771,"originColor":[255,255,255,255],"outRadius":0,"outX":0,"outY":0,"radius":14,"rx":1793,"ry":1809,"w":2048,"x":1768,"y":1793},{"areaColor":[10,40,30,255],"groupId":0,"h":2048,"identify":250,"lx":1721,"ly":1802,"originColor":[255,255,255,255],"outRadius":0,"outX":0,"outY":0,"radius":17,"rx":1770,"ry":1852,"w":2048,"x":1750,"y":1823},{"areaColor":[255,35,30,255],"groupId":0,"h":2048,"identify":251,"lx":1772,"ly":1794,"originColor":[255,255,255,255],"outRadius":0,"outX":0,"outY":0,"radius":14,"rx":1800,"ry":1853,"w":2048,"x":1786,"y":1821},{"areaColor":[140,35,30,255],"groupId":0,"h":2048,"identify":252,"lx":1759,"ly":1720,"originColor":[255,255,255,255],"outRadius":0,"outX":0,"outY":0,"radius":8,"rx":1790,"ry":1752,"w":2048,"x":1775,"y":1732},{"areaColor":[95,35,30,255],"groupId":0,"h":2048,"identify":253,"lx":1743,"ly":1710,"originColor":[255,255,255,255],"outRadius":0,"outX":0,"outY":0,"radius":7,"rx":1765,"ry":1738,"w":2048,"x":1754,"y":1719},{"areaColor":[125,35,30,255],"groupId":0,"h":2048,"identify":254,"lx":1721,"ly":1719,"originColor":[255,255,255,255],"outRadius":0,"outX":0,"outY":0,"radius":6,"rx":1746,"ry":1744,"w":2048,"x":1732,"y":1728},{"areaColor":[225,35,30,255],"groupId":0,"h":2048,"identify":255,"lx":1815,"ly":1764,"originColor":[255,255,255,255],"outRadius":0,"outX":0,"outY":0,"radius":13,"rx":1842,"ry":1823,"w":2048,"x":1829,"y":1788},{"areaColor":[245,30,30,255],"groupId":0,"h":2048,"identify":256,"lx":1838,"ly":1644,"originColor":[255,255,255,255],"outRadius":0,"outX":0,"outY":0,"radius":6,"rx":1894,"ry":1753,"w":2048,"x":1846,"y":1653},{"areaColor":[25,35,30,255],"groupId":0,"h":2048,"identify":257,"lx":1853,"ly":1674,"originColor":[255,255,255,255],"outRadius":0,"outX":0,"outY":0,"radius":7,"rx":1877,"ry":1687,"w":2048,"x":1864,"y":1680},{"areaColor":[60,35,30,255],"groupId":0,"h":2048,"identify":258,"lx":1872,"ly":1704,"originColor":[255,255,255,255],"outRadius":0,"outX":0,"outY":0,"radius":6,"rx":1893,"ry":1717,"w":2048,"x":1882,"y":1710},{"areaColor":[180,35,30,255],"groupId":0,"h":2048,"identify":259,"lx":1875,"ly":1732,"originColor":[255,255,255,255],"outRadius":0,"outX":0,"outY":0,"radius":6,"rx":1892,"ry":1751,"w":2048,"x":1884,"y":1742},{"areaColor":[160,35,30,255],"groupId":0,"h":2048,"identify":260,"lx":1854,"ly":1727,"originColor":[255,255,255,255],"outRadius":0,"outX":0,"outY":0,"radius":5,"rx":1864,"ry":1748,"w":2048,"x":1859,"y":1737},{"areaColor":[155,35,30,255],"groupId":0,"h":2048,"identify":261,"lx":1844,"ly":1663,"originColor":[255,255,255,255],"outRadius":0,"outX":0,"outY":0,"radius":2,"rx":1897,"ry":1754,"w":2048,"x":1850,"y":1730},{"areaColor":[190,35,30,255],"groupId":0,"h":2048,"identify":262,"lx":1866,"ly":1737,"originColor":[255,255,255,255],"outRadius":0,"outX":0,"outY":0,"radius":4,"rx":1878,"ry":1752,"w":2048,"x":1871,"y":1747},{"areaColor":[145,35,30,255],"groupId":0,"h":2048,"identify":263,"lx":1881,"ly":1720,"originColor":[255,255,255,255],"outRadius":0,"outX":0,"outY":0,"radius":5,"rx":1895,"ry":1739,"w":2048,"x":1889,"y":1726},{"areaColor":[45,35,30,255],"groupId":0,"h":2048,"identify":264,"lx":1863,"ly":1690,"originColor":[255,255,255,255],"outRadius":0,"outX":0,"outY":0,"radius":5,"rx":1885,"ry":1701,"w":2048,"x":1872,"y":1695},{"areaColor":[10,35,30,255],"groupId":0,"h":2048,"identify":265,"lx":1846,"ly":1664,"originColor":[255,255,255,255],"outRadius":0,"outX":0,"outY":0,"radius":4,"rx":1867,"ry":1671,"w":2048,"x":1852,"y":1667},{"areaColor":[160,30,30,255],"groupId":0,"h":2048,"identify":266,"lx":1594,"ly":1050,"originColor":[255,255,255,255],"outRadius":0,"outX":0,"outY":0,"radius":11,"rx":1889,"ry":1673,"w":2048,"x":1850,"y":1584},{"areaColor":[230,30,30,255],"groupId":0,"h":2048,"identify":267,"lx":1660,"ly":1625,"originColor":[255,255,255,255],"outRadius":0,"outX":0,"outY":0,"radius":12,"rx":1759,"ry":1670,"w":2048,"x":1710,"y":1647},{"areaColor":[65,30,30,255],"groupId":0,"h":2048,"identify":268,"lx":1614,"ly":1427,"originColor":[255,255,255,255],"outRadius":0,"outX":0,"outY":0,"radius":14,"rx":1863,"ry":1501,"w":2048,"x":1631,"y":1449},{"areaColor":[95,25,30,255],"groupId":0,"h":2048,"identify":269,"lx":1598,"ly":1175,"originColor":[255,255,255,255],"outRadius":0,"outX":0,"outY":0,"radius":10,"rx":1809,"ry":1303,"w":2048,"x":1610,"y":1290},{"areaColor":[245,20,30,255],"groupId":0,"h":2048,"identify":270,"lx":1613,"ly":1052,"originColor":[255,255,255,255],"outRadius":0,"outX":0,"outY":0,"radius":8,"rx":1779,"ry":1153,"w":2048,"x":1632,"y":1073},{"areaColor":[95,20,30,255],"groupId":0,"h":2048,"identify":271,"lx":1627,"ly":884,"originColor":[255,255,255,255],"outRadius":0,"outX":0,"outY":0,"radius":21,"rx":1716,"ry":975,"w":2048,"x":1671,"y":934},{"areaColor":[40,25,30,255],"groupId":0,"h":2048,"identify":272,"lx":1611,"ly":1139,"originColor":[255,255,255,255],"outRadius":0,"outX":0,"outY":0,"radius":6,"rx":1680,"ry":1244,"w":2048,"x":1673,"y":1148},{"areaColor":[90,25,30,255],"groupId":0,"h":2048,"identify":273,"lx":1660,"ly":1166,"originColor":[255,255,255,255],"outRadius":0,"outX":0,"outY":0,"radius":6,"rx":1673,"ry":1192,"w":2048,"x":1666,"y":1178},{"areaColor":[145,25,30,255],"groupId":0,"h":2048,"identify":274,"lx":1651,"ly":1200,"originColor":[255,255,255,255],"outRadius":0,"outX":0,"outY":0,"radius":5,"rx":1664,"ry":1225,"w":2048,"x":1657,"y":1212},{"areaColor":[175,25,30,255],"groupId":0,"h":2048,"identify":275,"lx":1627,"ly":1225,"originColor":[255,255,255,255],"outRadius":0,"outX":0,"outY":0,"radius":6,"rx":1640,"ry":1242,"w":2048,"x":1634,"y":1233},{"areaColor":[150,25,30,255],"groupId":0,"h":2048,"identify":276,"lx":1612,"ly":1204,"originColor":[255,255,255,255],"outRadius":0,"outX":0,"outY":0,"radius":6,"rx":1627,"ry":1223,"w":2048,"x":1618,"y":1215},{"areaColor":[140,25,30,255],"groupId":0,"h":2048,"identify":277,"lx":1612,"ly":1152,"originColor":[255,255,255,255],"outRadius":0,"outX":0,"outY":0,"radius":2,"rx":1677,"ry":1244,"w":2048,"x":1621,"y":1201},{"areaColor":[170,25,30,255],"groupId":0,"h":2048,"identify":278,"lx":1615,"ly":1222,"originColor":[255,255,255,255],"outRadius":0,"outX":0,"outY":0,"radius":4,"rx":1627,"ry":1237,"w":2048,"x":1621,"y":1230},{"areaColor":[160,25,30,255],"groupId":0,"h":2048,"identify":279,"lx":1642,"ly":1216,"originColor":[255,255,255,255],"outRadius":0,"outX":0,"outY":0,"radius":6,"rx":1656,"ry":1242,"w":2048,"x":1649,"y":1228},{"areaColor":[110,25,30,255],"groupId":0,"h":2048,"identify":280,"lx":1656,"ly":1184,"originColor":[255,255,255,255],"outRadius":0,"outX":0,"outY":0,"radius":4,"rx":1668,"ry":1207,"w":2048,"x":1660,"y":1194},{"areaColor":[55,25,30,255],"groupId":0,"h":2048,"identify":281,"lx":1664,"ly":1154,"originColor":[255,255,255,255],"outRadius":0,"outX":0,"outY":0,"radius":3,"rx":1675,"ry":1172,"w":2048,"x":1667,"y":1160},{"areaColor":[190,25,30,255],"groupId":0,"h":2048,"identify":282,"lx":1630,"ly":1113,"originColor":[255,255,255,255],"outRadius":0,"outX":0,"outY":0,"radius":16,"rx":1775,"ry":1554,"w":2048,"x":1729,"y":1273},{"areaColor":[100,30,30,255],"groupId":0,"h":2048,"identify":283,"lx":1723,"ly":1505,"originColor":[255,255,255,255],"outRadius":0,"outX":0,"outY":0,"radius":23,"rx":1773,"ry":1552,"w":2048,"x":1748,"y":1528},{"areaColor":[30,25,30,255],"groupId":0,"h":2048,"identify":284,"lx":1631,"ly":1114,"originColor":[255,255,255,255],"outRadius":0,"outX":0,"outY":0,"radius":16,"rx":1664,"ry":1147,"w":2048,"x":1647,"y":1130},{"areaColor":[205,30,30,255],"groupId":0,"h":2048,"identify":285,"lx":1622,"ly":1016,"originColor":[255,255,255,255],"outRadius":0,"outX":0,"outY":0,"radius":10,"rx":1849,"ry":1642,"w":2048,"x":1826,"y":1618},{"areaColor":[220,30,30,255],"groupId":0,"h":2048,"identify":286,"lx":1744,"ly":1612,"originColor":[255,255,255,255],"outRadius":0,"outX":0,"outY":0,"radius":10,"rx":1795,"ry":1639,"w":2048,"x":1764,"y":1625},{"areaColor":[210,25,30,255],"groupId":0,"h":2048,"identify":287,"lx":1666,"ly":1339,"originColor":[255,255,255,255],"outRadius":0,"outX":0,"outY":0,"radius":10,"rx":1694,"ry":1382,"w":2048,"x":1682,"y":1359},{"areaColor":[250,25,30,255],"groupId":0,"h":2048,"identify":288,"lx":1624,"ly":1380,"originColor":[255,255,255,255],"outRadius":0,"outX":0,"outY":0,"radius":11,"rx":1666,"ry":1411,"w":2048,"x":1642,"y":1399},{"areaColor":[20,30,30,255],"groupId":0,"h":2048,"identify":289,"lx":1681,"ly":1394,"originColor":[255,255,255,255],"outRadius":0,"outX":0,"outY":0,"radius":11,"rx":1715,"ry":1431,"w":2048,"x":1701,"y":1418},{"areaColor":[235,20,30,255],"groupId":0,"h":2048,"identify":290,"lx":1695,"ly":1034,"originColor":[255,255,255,255],"outRadius":0,"outX":0,"outY":0,"radius":9,"rx":1726,"ry":1066,"w":2048,"x":1716,"y":1054},{"areaColor":[205,20,30,255],"groupId":0,"h":2048,"identify":291,"lx":1654,"ly":1018,"originColor":[255,255,255,255],"outRadius":0,"outX":0,"outY":0,"radius":10,"rx":1695,"ry":1038,"w":2048,"x":1675,"y":1029},{"areaColor":[225,20,30,255],"groupId":0,"h":2048,"identify":292,"lx":1656,"ly":1008,"originColor":[255,255,255,255],"outRadius":0,"outX":0,"outY":0,"radius":5,"rx":1809,"ry":1667,"w":2048,"x":1716,"y":1032},{"areaColor":[190,20,30,255],"groupId":0,"h":2048,"identify":293,"lx":1705,"ly":1009,"originColor":[255,255,255,255],"outRadius":0,"outX":0,"outY":0,"radius":4,"rx":1720,"ry":1022,"w":2048,"x":1712,"y":1013},{"areaColor":[210,20,30,255],"groupId":0,"h":2048,"identify":294,"lx":1696,"ly":1018,"originColor":[255,255,255,255],"outRadius":0,"outX":0,"outY":0,"radius":6,"rx":1709,"ry":1031,"w":2048,"x":1703,"y":1025},{"areaColor":[255,25,30,255],"groupId":0,"h":2048,"identify":295,"lx":1669,"ly":1384,"originColor":[255,255,255,255],"outRadius":0,"outX":0,"outY":0,"radius":6,"rx":1684,"ry":1397,"w":2048,"x":1676,"y":1389},{"areaColor":[15,30,30,255],"groupId":0,"h":2048,"identify":296,"lx":1657,"ly":1393,"originColor":[255,255,255,255],"outRadius":0,"outX":0,"outY":0,"radius":7,"rx":1671,"ry":1407,"w":2048,"x":1664,"y":1400},{"areaColor":[30,30,30,255],"groupId":0,"h":2048,"identify":297,"lx":1675,"ly":1397,"originColor":[255,255,255,255],"outRadius":0,"outX":0,"outY":0,"radius":7,"rx":1690,"ry":1412,"w":2048,"x":1682,"y":1404},{"areaColor":[235,30,30,255],"groupId":0,"h":2048,"identify":298,"lx":1772,"ly":1632,"originColor":[255,255,255,255],"outRadius":0,"outX":0,"outY":0,"radius":8,"rx":1790,"ry":1649,"w":2048,"x":1781,"y":1641},{"areaColor":[240,30,30,255],"groupId":0,"h":2048,"identify":299,"lx":1792,"ly":1632,"originColor":[255,255,255,255],"outRadius":0,"outX":0,"outY":0,"radius":7,"rx":1807,"ry":1648,"w":2048,"x":1799,"y":1639},{"areaColor":[250,30,30,255],"groupId":0,"h":2048,"identify":300,"lx":1786,"ly":1649,"originColor":[255,255,255,255],"outRadius":0,"outX":0,"outY":0,"radius":8,"rx":1805,"ry":1665,"w":2048,"x":1795,"y":1657},{"areaColor":[125,30,30,255],"groupId":0,"h":2048,"identify":301,"lx":1688,"ly":1181,"originColor":[255,255,255,255],"outRadius":0,"outX":0,"outY":0,"radius":10,"rx":1820,"ry":1589,"w":2048,"x":1798,"y":1565},{"areaColor":[105,25,30,255],"groupId":0,"h":2048,"identify":302,"lx":1690,"ly":1182,"originColor":[255,255,255,255],"outRadius":0,"outX":0,"outY":0,"radius":11,"rx":1731,"ry":1223,"w":2048,"x":1711,"y":1204},{"areaColor":[240,5,30,255],"groupId":0,"h":2048,"identify":303,"lx":1137,"ly":441,"originColor":[255,255,255,255],"outRadius":0,"outX":0,"outY":0,"radius":8,"rx":1178,"ry":498,"w":2048,"x":1156,"y":466}]