[{"areaColor":[10,0,30,255],"groupId":0,"h":2048,"identify":0,"lx":295,"ly":44,"originColor":[255,255,255,255],"outRadius":0,"outX":0,"outY":0,"radius":214,"rx":1738,"ry":1169,"w":2048,"x":1264,"y":333},{"areaColor":[95,0,30,255],"groupId":0,"h":2048,"identify":1,"lx":302,"ly":429,"originColor":[253,253,253,255],"outRadius":0,"outX":0,"outY":0,"radius":50,"rx":402,"ry":1068,"w":2048,"x":351,"y":743},{"areaColor":[25,5,30,255],"groupId":0,"h":2048,"identify":2,"lx":392,"ly":947,"originColor":[255,255,255,255],"outRadius":0,"outX":0,"outY":0,"radius":24,"rx":936,"ry":1162,"w":2048,"x":434,"y":1134},{"areaColor":[255,0,30,255],"groupId":0,"h":2048,"identify":3,"lx":530,"ly":322,"originColor":[255,255,255,255],"outRadius":0,"outX":0,"outY":0,"radius":50,"rx":948,"ry":1000,"w":2048,"x":642,"y":924},{"areaColor":[245,0,30,255],"groupId":0,"h":2048,"identify":4,"lx":739,"ly":797,"originColor":[255,255,255,255],"outRadius":0,"outX":0,"outY":0,"radius":48,"rx":903,"ry":945,"w":2048,"x":805,"y":875},{"areaColor":[195,0,30,255],"groupId":0,"h":2048,"identify":5,"lx":740,"ly":706,"originColor":[255,255,255,255],"outRadius":0,"outX":0,"outY":0,"radius":38,"rx":919,"ry":835,"w":2048,"x":873,"y":758},{"areaColor":[230,0,30,255],"groupId":0,"h":2048,"identify":6,"lx":551,"ly":770,"originColor":[255,255,255,255],"outRadius":0,"outX":0,"outY":0,"radius":37,"rx":705,"ry":886,"w":2048,"x":666,"y":819},{"areaColor":[170,0,30,255],"groupId":0,"h":2048,"identify":7,"lx":538,"ly":679,"originColor":[255,255,255,255],"outRadius":0,"outX":0,"outY":0,"radius":41,"rx":705,"ry":807,"w":2048,"x":613,"y":746},{"areaColor":[155,0,30,255],"groupId":0,"h":2048,"identify":8,"lx":740,"ly":616,"originColor":[255,255,255,255],"outRadius":0,"outX":0,"outY":0,"radius":39,"rx":936,"ry":749,"w":2048,"x":789,"y":695},{"areaColor":[115,0,30,255],"groupId":0,"h":2048,"identify":9,"lx":534,"ly":491,"originColor":[255,255,255,255],"outRadius":0,"outX":0,"outY":0,"radius":44,"rx":705,"ry":713,"w":2048,"x":612,"y":651},{"areaColor":[125,0,30,255],"groupId":0,"h":2048,"identify":10,"lx":740,"ly":530,"originColor":[255,255,255,255],"outRadius":0,"outX":0,"outY":0,"radius":42,"rx":944,"ry":659,"w":2048,"x":792,"y":603},{"areaColor":[100,0,30,255],"groupId":0,"h":2048,"identify":11,"lx":741,"ly":453,"originColor":[255,255,255,255],"outRadius":0,"outX":0,"outY":0,"radius":41,"rx":931,"ry":565,"w":2048,"x":795,"y":510},{"areaColor":[50,0,30,255],"groupId":0,"h":2048,"identify":12,"lx":742,"ly":325,"originColor":[255,255,255,255],"outRadius":0,"outX":0,"outY":0,"radius":40,"rx":851,"ry":472,"w":2048,"x":782,"y":422},{"areaColor":[70,0,30,255],"groupId":0,"h":2048,"identify":13,"lx":636,"ly":345,"originColor":[255,255,255,255],"outRadius":0,"outX":0,"outY":0,"radius":27,"rx":703,"ry":498,"w":2048,"x":676,"y":461},{"areaColor":[15,0,30,255],"groupId":0,"h":2048,"identify":14,"lx":379,"ly":51,"originColor":[243,243,243,255],"outRadius":0,"outX":0,"outY":0,"radius":62,"rx":999,"ry":440,"w":2048,"x":613,"y":268},{"areaColor":[90,0,30,255],"groupId":0,"h":2048,"identify":15,"lx":383,"ly":359,"originColor":[255,255,255,255],"outRadius":0,"outX":0,"outY":0,"radius":34,"rx":468,"ry":437,"w":2048,"x":429,"y":403},{"areaColor":[60,0,30,255],"groupId":0,"h":2048,"identify":16,"lx":809,"ly":334,"originColor":[255,255,255,255],"outRadius":0,"outX":0,"outY":0,"radius":15,"rx":863,"ry":377,"w":2048,"x":832,"y":356},{"areaColor":[35,0,30,255],"groupId":0,"h":2048,"identify":17,"lx":738,"ly":266,"originColor":[246,246,246,255],"outRadius":0,"outX":0,"outY":0,"radius":4,"rx":756,"ry":276,"w":2048,"x":746,"y":270},{"areaColor":[20,0,30,255],"groupId":0,"h":2048,"identify":18,"lx":922,"ly":138,"originColor":[243,243,243,255],"outRadius":0,"outX":0,"outY":0,"radius":17,"rx":983,"ry":187,"w":2048,"x":950,"y":164},{"areaColor":[5,0,30,255],"groupId":0,"h":2048,"identify":19,"lx":0,"ly":0,"originColor":[255,255,255,255],"outRadius":0,"outX":0,"outY":0,"radius":236,"rx":2047,"ry":2047,"w":2048,"x":1810,"y":237},{"areaColor":[160,5,30,255],"groupId":0,"h":2048,"identify":20,"lx":117,"ly":1602,"originColor":[229,229,229,255],"outRadius":0,"outX":0,"outY":0,"radius":84,"rx":1861,"ry":2023,"w":2048,"x":1402,"y":1736},{"areaColor":[135,5,30,255],"groupId":0,"h":2048,"identify":21,"lx":376,"ly":1504,"originColor":[255,255,255,255],"outRadius":0,"outX":0,"outY":0,"radius":67,"rx":540,"ry":1649,"w":2048,"x":454,"y":1576},{"areaColor":[175,5,30,255],"groupId":0,"h":2048,"identify":22,"lx":691,"ly":1626,"originColor":[255,255,255,255],"outRadius":0,"outX":0,"outY":0,"radius":75,"rx":875,"ry":1791,"w":2048,"x":783,"y":1708},{"areaColor":[190,5,30,255],"groupId":0,"h":2048,"identify":23,"lx":1094,"ly":1642,"originColor":[235,235,235,255],"outRadius":0,"outX":0,"outY":0,"radius":66,"rx":1318,"ry":1805,"w":2048,"x":1169,"y":1730},{"areaColor":[185,5,30,255],"groupId":0,"h":2048,"identify":24,"lx":1210,"ly":1645,"originColor":[235,235,235,255],"outRadius":0,"outX":0,"outY":0,"radius":33,"rx":1313,"ry":1775,"w":2048,"x":1281,"y":1703},{"areaColor":[210,5,30,255],"groupId":0,"h":2048,"identify":25,"lx":918,"ly":1797,"originColor":[250,250,250,255],"outRadius":0,"outX":0,"outY":0,"radius":34,"rx":1310,"ry":1932,"w":2048,"x":1139,"y":1858},{"areaColor":[215,5,30,255],"groupId":0,"h":2048,"identify":26,"lx":1254,"ly":1804,"originColor":[243,243,243,255],"outRadius":0,"outX":0,"outY":0,"radius":14,"rx":1307,"ry":1841,"w":2048,"x":1278,"y":1822},{"areaColor":[150,5,30,255],"groupId":0,"h":2048,"identify":27,"lx":1127,"ly":1568,"originColor":[221,221,221,255],"outRadius":0,"outX":0,"outY":0,"radius":18,"rx":1218,"ry":1660,"w":2048,"x":1164,"y":1602},{"areaColor":[165,5,30,255],"groupId":0,"h":2048,"identify":28,"lx":1129,"ly":1620,"originColor":[221,221,221,255],"outRadius":0,"outX":0,"outY":0,"radius":9,"rx":1168,"ry":1653,"w":2048,"x":1142,"y":1642},{"areaColor":[195,5,30,255],"groupId":0,"h":2048,"identify":29,"lx":587,"ly":1735,"originColor":[243,243,243,255],"outRadius":0,"outX":0,"outY":0,"radius":26,"rx":951,"ry":1839,"w":2048,"x":878,"y":1787},{"areaColor":[200,5,30,255],"groupId":0,"h":2048,"identify":30,"lx":658,"ly":1743,"originColor":[229,229,229,255],"outRadius":0,"outX":0,"outY":0,"radius":24,"rx":756,"ry":1805,"w":2048,"x":690,"y":1774},{"areaColor":[205,5,30,255],"groupId":0,"h":2048,"identify":31,"lx":588,"ly":1779,"originColor":[255,255,255,255],"outRadius":0,"outX":0,"outY":0,"radius":12,"rx":625,"ry":1807,"w":2048,"x":612,"y":1792},{"areaColor":[180,5,30,255],"groupId":0,"h":2048,"identify":32,"lx":255,"ly":1558,"originColor":[255,255,255,255],"outRadius":0,"outX":0,"outY":0,"radius":27,"rx":614,"ry":1707,"w":2048,"x":533,"y":1673},{"areaColor":[170,5,30,255],"groupId":0,"h":2048,"identify":33,"lx":564,"ly":1625,"originColor":[237,237,237,255],"outRadius":0,"outX":0,"outY":0,"radius":15,"rx":609,"ry":1663,"w":2048,"x":585,"y":1642},{"areaColor":[155,5,30,255],"groupId":0,"h":2048,"identify":34,"lx":526,"ly":1602,"originColor":[229,229,229,255],"outRadius":0,"outX":0,"outY":0,"radius":14,"rx":573,"ry":1642,"w":2048,"x":547,"y":1625},{"areaColor":[145,5,30,255],"groupId":0,"h":2048,"identify":35,"lx":258,"ly":1559,"originColor":[255,255,255,255],"outRadius":0,"outX":0,"outY":0,"radius":32,"rx":411,"ry":1691,"w":2048,"x":297,"y":1636},{"areaColor":[140,0,30,255],"groupId":0,"h":2048,"identify":36,"lx":369,"ly":259,"originColor":[255,255,255,255],"outRadius":0,"outX":0,"outY":0,"radius":56,"rx":1072,"ry":1109,"w":2048,"x":1010,"y":765},{"areaColor":[30,0,30,255],"groupId":0,"h":2048,"identify":37,"lx":783,"ly":263,"originColor":[255,255,255,255],"outRadius":0,"outX":0,"outY":0,"radius":35,"rx":1046,"ry":504,"w":2048,"x":880,"y":411},{"areaColor":[85,0,30,255],"groupId":0,"h":2048,"identify":38,"lx":406,"ly":354,"originColor":[255,255,255,255],"outRadius":0,"outX":0,"outY":0,"radius":53,"rx":660,"ry":631,"w":2048,"x":478,"y":483},{"areaColor":[185,0,30,255],"groupId":0,"h":2048,"identify":39,"lx":375,"ly":692,"originColor":[255,255,255,255],"outRadius":0,"outX":0,"outY":0,"radius":47,"rx":576,"ry":1106,"w":2048,"x":500,"y":838},{"areaColor":[190,0,30,255],"groupId":0,"h":2048,"identify":40,"lx":407,"ly":704,"originColor":[255,255,255,255],"outRadius":0,"outX":0,"outY":0,"radius":7,"rx":424,"ry":755,"w":2048,"x":414,"y":711},{"areaColor":[180,0,30,255],"groupId":0,"h":2048,"identify":41,"lx":403,"ly":478,"originColor":[255,255,255,255],"outRadius":0,"outX":0,"outY":0,"radius":23,"rx":1068,"ry":793,"w":2048,"x":519,"y":733},{"areaColor":[165,0,30,255],"groupId":0,"h":2048,"identify":42,"lx":513,"ly":624,"originColor":[255,255,255,255],"outRadius":0,"outX":0,"outY":0,"radius":19,"rx":560,"ry":693,"w":2048,"x":541,"y":673},{"areaColor":[150,0,30,255],"groupId":0,"h":2048,"identify":43,"lx":406,"ly":616,"originColor":[255,255,255,255],"outRadius":0,"outX":0,"outY":0,"radius":20,"rx":455,"ry":698,"w":2048,"x":426,"y":672},{"areaColor":[175,0,30,255],"groupId":0,"h":2048,"identify":44,"lx":415,"ly":688,"originColor":[255,255,255,255],"outRadius":0,"outX":0,"outY":0,"radius":20,"rx":463,"ry":788,"w":2048,"x":438,"y":750},{"areaColor":[135,0,30,255],"groupId":0,"h":2048,"identify":45,"lx":936,"ly":546,"originColor":[255,255,255,255],"outRadius":0,"outX":0,"outY":0,"radius":20,"rx":981,"ry":639,"w":2048,"x":959,"y":606},{"areaColor":[120,0,30,255],"groupId":0,"h":2048,"identify":46,"lx":924,"ly":510,"originColor":[255,255,255,255],"outRadius":0,"outX":0,"outY":0,"radius":17,"rx":973,"ry":557,"w":2048,"x":943,"y":531},{"areaColor":[110,0,30,255],"groupId":0,"h":2048,"identify":47,"lx":1029,"ly":481,"originColor":[255,255,255,255],"outRadius":0,"outX":0,"outY":0,"radius":14,"rx":1062,"ry":538,"w":2048,"x":1047,"y":524},{"areaColor":[130,0,30,255],"groupId":0,"h":2048,"identify":48,"lx":1014,"ly":539,"originColor":[255,255,255,255],"outRadius":0,"outX":0,"outY":0,"radius":18,"rx":1064,"ry":614,"w":2048,"x":1040,"y":592},{"areaColor":[105,0,30,255],"groupId":0,"h":2048,"identify":49,"lx":444,"ly":472,"originColor":[255,255,255,255],"outRadius":0,"outX":0,"outY":0,"radius":26,"rx":1030,"ry":692,"w":2048,"x":995,"y":513},{"areaColor":[160,0,30,255],"groupId":0,"h":2048,"identify":50,"lx":446,"ly":622,"originColor":[255,255,255,255],"outRadius":0,"outX":0,"outY":0,"radius":22,"rx":518,"ry":689,"w":2048,"x":485,"y":658},{"areaColor":[25,0,30,255],"groupId":0,"h":2048,"identify":51,"lx":462,"ly":214,"originColor":[250,250,250,255],"outRadius":0,"outX":0,"outY":0,"radius":10,"rx":1026,"ry":1049,"w":2048,"x":847,"y":288},{"areaColor":[65,0,30,255],"groupId":0,"h":2048,"identify":52,"lx":710,"ly":335,"originColor":[255,255,255,255],"outRadius":0,"outX":0,"outY":0,"radius":13,"rx":735,"ry":953,"w":2048,"x":723,"y":350},{"areaColor":[45,0,30,255],"groupId":0,"h":2048,"identify":53,"lx":646,"ly":312,"originColor":[255,255,255,255],"outRadius":0,"outX":0,"outY":0,"radius":8,"rx":690,"ry":349,"w":2048,"x":674,"y":333},{"areaColor":[75,0,30,255],"groupId":0,"h":2048,"identify":54,"lx":471,"ly":346,"originColor":[221,221,221,255],"outRadius":0,"outX":0,"outY":0,"radius":8,"rx":614,"ry":393,"w":2048,"x":565,"y":361},{"areaColor":[55,0,30,255],"groupId":0,"h":2048,"identify":55,"lx":552,"ly":332,"originColor":[255,255,255,255],"outRadius":0,"outX":0,"outY":0,"radius":5,"rx":591,"ry":348,"w":2048,"x":573,"y":338},{"areaColor":[80,0,30,255],"groupId":0,"h":2048,"identify":56,"lx":468,"ly":352,"originColor":[250,250,250,255],"outRadius":0,"outX":0,"outY":0,"radius":7,"rx":505,"ry":369,"w":2048,"x":487,"y":359},{"areaColor":[20,5,30,255],"groupId":0,"h":2048,"identify":57,"lx":580,"ly":904,"originColor":[255,255,255,255],"outRadius":0,"outX":0,"outY":0,"radius":20,"rx":895,"ry":1044,"w":2048,"x":622,"y":1011},{"areaColor":[15,5,30,255],"groupId":0,"h":2048,"identify":58,"lx":965,"ly":891,"originColor":[255,255,255,255],"outRadius":0,"outX":0,"outY":0,"radius":35,"rx":1169,"ry":1177,"w":2048,"x":1129,"y":947},{"areaColor":[70,5,30,255],"groupId":0,"h":2048,"identify":59,"lx":1095,"ly":1051,"originColor":[255,255,255,255],"outRadius":0,"outX":0,"outY":0,"radius":20,"rx":1166,"ry":1119,"w":2048,"x":1131,"y":1080},{"areaColor":[85,5,30,255],"groupId":0,"h":2048,"identify":60,"lx":1046,"ly":1114,"originColor":[255,255,255,255],"outRadius":0,"outX":0,"outY":0,"radius":24,"rx":1096,"ry":1173,"w":2048,"x":1072,"y":1148},{"areaColor":[75,5,30,255],"groupId":0,"h":2048,"identify":61,"lx":1003,"ly":1068,"originColor":[255,255,255,255],"outRadius":0,"outX":0,"outY":0,"radius":17,"rx":1132,"ry":1149,"w":2048,"x":1039,"y":1101},{"areaColor":[90,5,30,255],"groupId":0,"h":2048,"identify":62,"lx":990,"ly":1115,"originColor":[255,255,255,255],"outRadius":0,"outX":0,"outY":0,"radius":22,"rx":1044,"ry":1173,"w":2048,"x":1015,"y":1144},{"areaColor":[60,5,30,255],"groupId":0,"h":2048,"identify":63,"lx":968,"ly":1045,"originColor":[255,255,255,255],"outRadius":0,"outX":0,"outY":0,"radius":15,"rx":1015,"ry":1114,"w":2048,"x":984,"y":1095},{"areaColor":[200,0,30,255],"groupId":0,"h":2048,"identify":64,"lx":1205,"ly":709,"originColor":[255,255,255,255],"outRadius":0,"outX":0,"outY":0,"radius":54,"rx":1571,"ry":1125,"w":2048,"x":1391,"y":814},{"areaColor":[30,5,30,255],"groupId":0,"h":2048,"identify":65,"lx":1208,"ly":947,"originColor":[255,255,255,255],"outRadius":0,"outX":0,"outY":0,"radius":33,"rx":1509,"ry":1123,"w":2048,"x":1325,"y":1090},{"areaColor":[50,5,30,255],"groupId":0,"h":2048,"identify":66,"lx":1224,"ly":1026,"originColor":[255,255,255,255],"outRadius":0,"outX":0,"outY":0,"radius":28,"rx":1285,"ry":1114,"w":2048,"x":1252,"y":1062},{"areaColor":[35,5,30,255],"groupId":0,"h":2048,"identify":67,"lx":1292,"ly":953,"originColor":[255,255,255,255],"outRadius":0,"outX":0,"outY":0,"radius":17,"rx":1386,"ry":1024,"w":2048,"x":1363,"y":984},{"areaColor":[10,5,30,255],"groupId":0,"h":2048,"identify":68,"lx":1329,"ly":890,"originColor":[255,255,255,255],"outRadius":0,"outX":0,"outY":0,"radius":5,"rx":1356,"ry":906,"w":2048,"x":1338,"y":897},{"areaColor":[240,0,30,255],"groupId":0,"h":2048,"identify":69,"lx":1302,"ly":731,"originColor":[255,255,255,255],"outRadius":0,"outX":0,"outY":0,"radius":10,"rx":1538,"ry":836,"w":2048,"x":1522,"y":804},{"areaColor":[205,0,30,255],"groupId":0,"h":2048,"identify":70,"lx":1305,"ly":733,"originColor":[255,255,255,255],"outRadius":0,"outX":0,"outY":0,"radius":10,"rx":1349,"ry":758,"w":2048,"x":1327,"y":743},{"areaColor":[250,0,30,255],"groupId":0,"h":2048,"identify":71,"lx":1445,"ly":795,"originColor":[255,255,255,255],"outRadius":0,"outX":0,"outY":0,"radius":51,"rx":1784,"ry":1043,"w":2048,"x":1512,"y":942},{"areaColor":[45,5,30,255],"groupId":0,"h":2048,"identify":72,"lx":1530,"ly":1021,"originColor":[255,255,255,255],"outRadius":0,"outX":0,"outY":0,"radius":76,"rx":1698,"ry":1276,"w":2048,"x":1615,"y":1172},{"areaColor":[210,0,30,255],"groupId":0,"h":2048,"identify":73,"lx":1249,"ly":758,"originColor":[255,255,255,255],"outRadius":0,"outX":0,"outY":0,"radius":16,"rx":1338,"ry":815,"w":2048,"x":1319,"y":778},{"areaColor":[225,0,30,255],"groupId":0,"h":2048,"identify":74,"lx":1280,"ly":768,"originColor":[255,255,255,255],"outRadius":0,"outX":0,"outY":0,"radius":9,"rx":1298,"ry":799,"w":2048,"x":1289,"y":785},{"areaColor":[215,0,30,255],"groupId":0,"h":2048,"identify":75,"lx":1252,"ly":765,"originColor":[255,255,255,255],"outRadius":0,"outX":0,"outY":0,"radius":11,"rx":1280,"ry":812,"w":2048,"x":1263,"y":777},{"areaColor":[65,5,30,255],"groupId":0,"h":2048,"identify":76,"lx":1015,"ly":1042,"originColor":[255,255,255,255],"outRadius":0,"outX":0,"outY":0,"radius":13,"rx":1095,"ry":1088,"w":2048,"x":1067,"y":1067},{"areaColor":[55,5,30,255],"groupId":0,"h":2048,"identify":77,"lx":1018,"ly":1044,"originColor":[255,255,255,255],"outRadius":0,"outX":0,"outY":0,"radius":11,"rx":1041,"ry":1077,"w":2048,"x":1029,"y":1056},{"areaColor":[235,0,30,255],"groupId":0,"h":2048,"identify":78,"lx":1013,"ly":781,"originColor":[255,255,255,255],"outRadius":0,"outX":0,"outY":0,"radius":57,"rx":1293,"ry":1028,"w":2048,"x":1182,"y":857},{"areaColor":[145,0,30,255],"groupId":0,"h":2048,"identify":79,"lx":1062,"ly":551,"originColor":[255,255,255,255],"outRadius":0,"outX":0,"outY":0,"radius":69,"rx":1668,"ry":822,"w":2048,"x":1188,"y":724},{"areaColor":[130,5,30,255],"groupId":0,"h":2048,"identify":80,"lx":1400,"ly":1196,"originColor":[240,240,240,255],"outRadius":0,"outX":0,"outY":0,"radius":84,"rx":1806,"ry":1711,"w":2048,"x":1687,"y":1497},{"areaColor":[125,5,30,255],"groupId":0,"h":2048,"identify":81,"lx":1420,"ly":1299,"originColor":[255,255,255,255],"outRadius":0,"outX":0,"outY":0,"radius":44,"rx":1599,"ry":1705,"w":2048,"x":1493,"y":1371},{"areaColor":[105,5,30,255],"groupId":0,"h":2048,"identify":82,"lx":1401,"ly":1198,"originColor":[255,255,255,255],"outRadius":0,"outX":0,"outY":0,"radius":37,"rx":1798,"ry":1357,"w":2048,"x":1514,"y":1253},{"areaColor":[40,5,30,255],"groupId":0,"h":2048,"identify":83,"lx":593,"ly":959,"originColor":[255,255,255,255],"outRadius":0,"outX":0,"outY":0,"radius":109,"rx":1553,"ry":1317,"w":2048,"x":854,"y":1118},{"areaColor":[95,5,30,255],"groupId":0,"h":2048,"identify":84,"lx":556,"ly":1137,"originColor":[240,240,240,255],"outRadius":0,"outX":0,"outY":0,"radius":31,"rx":1535,"ry":1378,"w":2048,"x":1221,"y":1314},{"areaColor":[100,5,30,255],"groupId":0,"h":2048,"identify":85,"lx":515,"ly":1171,"originColor":[235,235,235,255],"outRadius":0,"outX":0,"outY":0,"radius":34,"rx":1421,"ry":1452,"w":2048,"x":1047,"y":1414},{"areaColor":[80,5,30,255],"groupId":0,"h":2048,"identify":86,"lx":357,"ly":1105,"originColor":[211,211,211,255],"outRadius":0,"outX":0,"outY":0,"radius":62,"rx":1418,"ry":1622,"w":2048,"x":1045,"y":1555},{"areaColor":[120,5,30,255],"groupId":0,"h":2048,"identify":87,"lx":381,"ly":1251,"originColor":[253,253,253,255],"outRadius":0,"outX":0,"outY":0,"radius":44,"rx":972,"ry":1544,"w":2048,"x":591,"y":1383},{"areaColor":[115,5,30,255],"groupId":0,"h":2048,"identify":88,"lx":382,"ly":1254,"originColor":[235,235,235,255],"outRadius":0,"outX":0,"outY":0,"radius":21,"rx":968,"ry":1540,"w":2048,"x":917,"y":1520},{"areaColor":[110,5,30,255],"groupId":0,"h":2048,"identify":89,"lx":352,"ly":1249,"originColor":[246,246,246,255],"outRadius":0,"outX":0,"outY":0,"radius":52,"rx":1415,"ry":1723,"w":2048,"x":698,"y":1574},{"areaColor":[140,5,30,255],"groupId":0,"h":2048,"identify":90,"lx":1170,"ly":1540,"originColor":[240,240,240,255],"outRadius":0,"outX":0,"outY":0,"radius":27,"rx":1410,"ry":1659,"w":2048,"x":1267,"y":1610}]