[{"areaColor":[5,0,30,255],"groupId":0,"h":2048,"identify":0,"lx":0,"ly":0,"originColor":[255,255,255,255],"outRadius":0,"outX":0,"outY":0,"radius":401,"rx":2047,"ry":2047,"w":2048,"x":1646,"y":1646},{"areaColor":[105,5,30,255],"groupId":0,"h":2048,"identify":1,"lx":519,"ly":971,"originColor":[255,255,255,255],"outRadius":0,"outX":0,"outY":0,"radius":18,"rx":658,"ry":1056,"w":2048,"x":546,"y":1026},{"areaColor":[25,5,30,255],"groupId":0,"h":2048,"identify":2,"lx":862,"ly":824,"originColor":[255,255,255,255],"outRadius":0,"outX":0,"outY":0,"radius":10,"rx":904,"ry":883,"w":2048,"x":890,"y":853},{"areaColor":[95,0,30,255],"groupId":0,"h":2048,"identify":3,"lx":920,"ly":411,"originColor":[167,167,167,255],"outRadius":0,"outX":0,"outY":0,"radius":7,"rx":1120,"ry":466,"w":2048,"x":930,"y":451},{"areaColor":[85,0,30,255],"groupId":0,"h":2048,"identify":4,"lx":1072,"ly":418,"originColor":[224,224,224,255],"outRadius":0,"outX":0,"outY":0,"radius":8,"rx":1118,"ry":464,"w":2048,"x":1091,"y":456},{"areaColor":[125,0,30,255],"groupId":0,"h":2048,"identify":5,"lx":936,"ly":427,"originColor":[73,73,73,255],"outRadius":0,"outX":0,"outY":0,"radius":5,"rx":1104,"ry":450,"w":2048,"x":945,"y":443},{"areaColor":[115,0,30,255],"groupId":0,"h":2048,"identify":6,"lx":1088,"ly":429,"originColor":[72,72,72,255],"outRadius":0,"outX":0,"outY":0,"radius":5,"rx":1102,"ry":445,"w":2048,"x":1096,"y":440},{"areaColor":[30,0,30,255],"groupId":0,"h":2048,"identify":7,"lx":423,"ly":216,"originColor":[255,255,255,255],"outRadius":0,"outX":0,"outY":0,"radius":54,"rx":1350,"ry":1714,"w":2048,"x":1013,"y":340},{"areaColor":[105,0,30,255],"groupId":0,"h":2048,"identify":8,"lx":826,"ly":425,"originColor":[255,255,255,255],"outRadius":0,"outX":0,"outY":0,"radius":18,"rx":886,"ry":498,"w":2048,"x":849,"y":453},{"areaColor":[80,0,30,255],"groupId":0,"h":2048,"identify":9,"lx":1151,"ly":416,"originColor":[255,255,255,255],"outRadius":0,"outX":0,"outY":0,"radius":19,"rx":1214,"ry":502,"w":2048,"x":1192,"y":448},{"areaColor":[145,0,30,255],"groupId":0,"h":2048,"identify":10,"lx":938,"ly":562,"originColor":[255,255,255,255],"outRadius":0,"outX":0,"outY":0,"radius":33,"rx":1120,"ry":697,"w":2048,"x":1031,"y":609},{"areaColor":[220,0,30,255],"groupId":0,"h":2048,"identify":11,"lx":469,"ly":690,"originColor":[255,255,255,255],"outRadius":0,"outX":0,"outY":0,"radius":54,"rx":901,"ry":1003,"w":2048,"x":840,"y":786},{"areaColor":[80,5,30,255],"groupId":0,"h":2048,"identify":12,"lx":1245,"ly":893,"originColor":[255,255,255,255],"outRadius":0,"outX":0,"outY":0,"radius":23,"rx":1344,"ry":1030,"w":2048,"x":1316,"y":926},{"areaColor":[175,5,30,255],"groupId":0,"h":2048,"identify":13,"lx":786,"ly":1328,"originColor":[255,255,255,255],"outRadius":0,"outX":0,"outY":0,"radius":56,"rx":965,"ry":1711,"w":2048,"x":853,"y":1509},{"areaColor":[180,5,30,255],"groupId":0,"h":2048,"identify":14,"lx":1018,"ly":1341,"originColor":[255,255,255,255],"outRadius":0,"outX":0,"outY":0,"radius":58,"rx":1172,"ry":1706,"w":2048,"x":1078,"y":1421},{"areaColor":[90,5,30,255],"groupId":0,"h":2048,"identify":15,"lx":427,"ly":915,"originColor":[255,255,255,255],"outRadius":0,"outX":0,"outY":0,"radius":13,"rx":521,"ry":1021,"w":2048,"x":448,"y":978},{"areaColor":[50,0,30,255],"groupId":0,"h":2048,"identify":16,"lx":892,"ly":357,"originColor":[255,255,255,255],"outRadius":0,"outX":0,"outY":0,"radius":4,"rx":1133,"ry":379,"w":2048,"x":937,"y":362},{"areaColor":[45,0,30,255],"groupId":0,"h":2048,"identify":17,"lx":1068,"ly":358,"originColor":[255,255,255,255],"outRadius":0,"outX":0,"outY":0,"radius":3,"rx":1131,"ry":368,"w":2048,"x":1100,"y":361},{"areaColor":[135,0,30,255],"groupId":0,"h":2048,"identify":18,"lx":998,"ly":513,"originColor":[255,255,255,255],"outRadius":0,"outX":0,"outY":0,"radius":8,"rx":1043,"ry":530,"w":2048,"x":1016,"y":521},{"areaColor":[25,0,30,255],"groupId":0,"h":2048,"identify":19,"lx":712,"ly":173,"originColor":[255,255,255,255],"outRadius":0,"outX":0,"outY":0,"radius":35,"rx":1290,"ry":579,"w":2048,"x":1202,"y":247},{"areaColor":[20,0,30,255],"groupId":0,"h":2048,"identify":20,"lx":444,"ly":41,"originColor":[255,255,255,255],"outRadius":0,"outX":0,"outY":0,"radius":51,"rx":1291,"ry":472,"w":2048,"x":1027,"y":150},{"areaColor":[10,0,30,255],"groupId":0,"h":2048,"identify":21,"lx":451,"ly":45,"originColor":[255,255,255,255],"outRadius":0,"outX":0,"outY":0,"radius":49,"rx":870,"ry":295,"w":2048,"x":694,"y":132},{"areaColor":[15,0,30,255],"groupId":0,"h":2048,"identify":22,"lx":695,"ly":64,"originColor":[255,255,255,255],"outRadius":0,"outX":0,"outY":0,"radius":32,"rx":1021,"ry":318,"w":2048,"x":897,"y":113},{"areaColor":[175,0,30,255],"groupId":0,"h":2048,"identify":23,"lx":893,"ly":607,"originColor":[255,255,255,255],"outRadius":0,"outX":0,"outY":0,"radius":39,"rx":1179,"ry":857,"w":2048,"x":952,"y":800},{"areaColor":[190,0,30,255],"groupId":0,"h":2048,"identify":24,"lx":1125,"ly":632,"originColor":[255,255,255,255],"outRadius":0,"outX":0,"outY":0,"radius":16,"rx":1176,"ry":835,"w":2048,"x":1155,"y":814},{"areaColor":[40,5,30,255],"groupId":0,"h":2048,"identify":25,"lx":572,"ly":834,"originColor":[255,255,255,255],"outRadius":0,"outX":0,"outY":0,"radius":54,"rx":1502,"ry":1170,"w":2048,"x":1085,"y":1035},{"areaColor":[45,5,30,255],"groupId":0,"h":2048,"identify":26,"lx":1149,"ly":837,"originColor":[207,207,207,255],"outRadius":0,"outX":0,"outY":0,"radius":9,"rx":1187,"ry":869,"w":2048,"x":1166,"y":851},{"areaColor":[75,5,30,255],"groupId":0,"h":2048,"identify":27,"lx":1193,"ly":824,"originColor":[255,255,255,255],"outRadius":0,"outX":0,"outY":0,"radius":27,"rx":1281,"ry":1012,"w":2048,"x":1229,"y":925},{"areaColor":[30,5,30,255],"groupId":0,"h":2048,"identify":28,"lx":1235,"ly":825,"originColor":[255,255,255,255],"outRadius":0,"outX":0,"outY":0,"radius":8,"rx":1279,"ry":862,"w":2048,"x":1243,"y":840},{"areaColor":[20,5,30,255],"groupId":0,"h":2048,"identify":29,"lx":1216,"ly":807,"originColor":[255,255,255,255],"outRadius":0,"outX":0,"outY":0,"radius":4,"rx":1290,"ry":839,"w":2048,"x":1221,"y":814},{"areaColor":[15,5,30,255],"groupId":0,"h":2048,"identify":30,"lx":1281,"ly":808,"originColor":[255,255,255,255],"outRadius":0,"outX":0,"outY":0,"radius":4,"rx":1288,"ry":817,"w":2048,"x":1285,"y":813},{"areaColor":[35,5,30,255],"groupId":0,"h":2048,"identify":31,"lx":1253,"ly":831,"originColor":[255,255,255,255],"outRadius":0,"outX":0,"outY":0,"radius":3,"rx":1267,"ry":837,"w":2048,"x":1260,"y":834},{"areaColor":[60,5,30,255],"groupId":0,"h":2048,"identify":32,"lx":1140,"ly":738,"originColor":[255,255,255,255],"outRadius":0,"outX":0,"outY":0,"radius":26,"rx":1336,"ry":1098,"w":2048,"x":1202,"y":1029},{"areaColor":[235,0,30,255],"groupId":0,"h":2048,"identify":33,"lx":1161,"ly":742,"originColor":[255,255,255,255],"outRadius":0,"outX":0,"outY":0,"radius":33,"rx":1331,"ry":874,"w":2048,"x":1252,"y":788},{"areaColor":[55,5,30,255],"groupId":0,"h":2048,"identify":34,"lx":1239,"ly":861,"originColor":[255,255,255,255],"outRadius":0,"outX":0,"outY":0,"radius":15,"rx":1360,"ry":908,"w":2048,"x":1261,"y":888},{"areaColor":[50,5,30,255],"groupId":0,"h":2048,"identify":35,"lx":1289,"ly":867,"originColor":[255,255,255,255],"outRadius":0,"outX":0,"outY":0,"radius":9,"rx":1310,"ry":887,"w":2048,"x":1299,"y":877},{"areaColor":[65,5,30,255],"groupId":0,"h":2048,"identify":36,"lx":1308,"ly":875,"originColor":[255,255,255,255],"outRadius":0,"outX":0,"outY":0,"radius":12,"rx":1355,"ry":902,"w":2048,"x":1339,"y":888},{"areaColor":[255,0,30,255],"groupId":0,"h":2048,"identify":37,"lx":980,"ly":716,"originColor":[255,255,255,255],"outRadius":0,"outX":0,"outY":0,"radius":30,"rx":1160,"ry":924,"w":2048,"x":1117,"y":856},{"areaColor":[10,5,30,255],"groupId":0,"h":2048,"identify":38,"lx":996,"ly":778,"originColor":[255,255,255,255],"outRadius":0,"outX":0,"outY":0,"radius":35,"rx":1089,"ry":921,"w":2048,"x":1041,"y":864},{"areaColor":[230,0,30,255],"groupId":0,"h":2048,"identify":39,"lx":983,"ly":723,"originColor":[255,255,255,255],"outRadius":0,"outX":0,"outY":0,"radius":32,"rx":1067,"ry":807,"w":2048,"x":1024,"y":766},{"areaColor":[240,0,30,255],"groupId":0,"h":2048,"identify":40,"lx":1065,"ly":744,"originColor":[255,255,255,255],"outRadius":0,"outX":0,"outY":0,"radius":12,"rx":1090,"ry":776,"w":2048,"x":1077,"y":757},{"areaColor":[225,0,30,255],"groupId":0,"h":2048,"identify":41,"lx":1089,"ly":720,"originColor":[255,255,255,255],"outRadius":0,"outX":0,"outY":0,"radius":27,"rx":1146,"ry":790,"w":2048,"x":1120,"y":757},{"areaColor":[180,0,30,255],"groupId":0,"h":2048,"identify":42,"lx":923,"ly":608,"originColor":[255,255,255,255],"outRadius":0,"outX":0,"outY":0,"radius":12,"rx":1137,"ry":721,"w":2048,"x":1070,"y":704},{"areaColor":[185,0,30,255],"groupId":0,"h":2048,"identify":43,"lx":769,"ly":611,"originColor":[255,255,255,255],"outRadius":0,"outX":0,"outY":0,"radius":40,"rx":1223,"ry":761,"w":2048,"x":888,"y":661},{"areaColor":[200,0,30,255],"groupId":0,"h":2048,"identify":44,"lx":1147,"ly":640,"originColor":[255,255,255,255],"outRadius":0,"outX":0,"outY":0,"radius":27,"rx":1221,"ry":744,"w":2048,"x":1195,"y":700},{"areaColor":[210,0,30,255],"groupId":0,"h":2048,"identify":45,"lx":770,"ly":670,"originColor":[255,255,255,255],"outRadius":0,"outX":0,"outY":0,"radius":19,"rx":815,"ry":745,"w":2048,"x":791,"y":693},{"areaColor":[215,0,30,255],"groupId":0,"h":2048,"identify":46,"lx":738,"ly":641,"originColor":[255,255,255,255],"outRadius":0,"outX":0,"outY":0,"radius":15,"rx":1259,"ry":785,"w":2048,"x":1239,"y":711},{"areaColor":[205,0,30,255],"groupId":0,"h":2048,"identify":47,"lx":742,"ly":646,"originColor":[255,255,255,255],"outRadius":0,"outX":0,"outY":0,"radius":13,"rx":922,"ry":780,"w":2048,"x":754,"y":691},{"areaColor":[110,5,30,255],"groupId":0,"h":2048,"identify":48,"lx":517,"ly":1013,"originColor":[255,255,255,255],"outRadius":0,"outX":0,"outY":0,"radius":70,"rx":1512,"ry":1385,"w":2048,"x":807,"y":1250},{"areaColor":[125,5,30,255],"groupId":0,"h":2048,"identify":49,"lx":1149,"ly":1088,"originColor":[255,255,255,255],"outRadius":0,"outX":0,"outY":0,"radius":58,"rx":1507,"ry":1380,"w":2048,"x":1344,"y":1243},{"areaColor":[185,5,30,255],"groupId":0,"h":2048,"identify":50,"lx":970,"ly":1354,"originColor":[255,255,255,255],"outRadius":0,"outX":0,"outY":0,"radius":8,"rx":1011,"ry":1374,"w":2048,"x":979,"y":1365},{"areaColor":[35,0,30,255],"groupId":0,"h":2048,"identify":51,"lx":108,"ly":221,"originColor":[255,255,255,255],"outRadius":0,"outX":0,"outY":0,"radius":49,"rx":490,"ry":786,"w":2048,"x":196,"y":469},{"areaColor":[195,0,30,255],"groupId":0,"h":2048,"identify":52,"lx":279,"ly":633,"originColor":[255,255,255,255],"outRadius":0,"outX":0,"outY":0,"radius":19,"rx":485,"ry":780,"w":2048,"x":333,"y":711},{"areaColor":[140,0,30,255],"groupId":0,"h":2048,"identify":53,"lx":250,"ly":549,"originColor":[255,255,255,255],"outRadius":0,"outX":0,"outY":0,"radius":31,"rx":460,"ry":693,"w":2048,"x":355,"y":647},{"areaColor":[245,0,30,255],"groupId":0,"h":2048,"identify":54,"lx":397,"ly":740,"originColor":[255,255,255,255],"outRadius":0,"outX":0,"outY":0,"radius":13,"rx":658,"ry":1483,"w":2048,"x":437,"y":827},{"areaColor":[115,5,30,255],"groupId":0,"h":2048,"identify":55,"lx":487,"ly":1024,"originColor":[255,255,255,255],"outRadius":0,"outX":0,"outY":0,"radius":12,"rx":653,"ry":1481,"w":2048,"x":615,"y":1393},{"areaColor":[195,5,30,255],"groupId":0,"h":2048,"identify":56,"lx":620,"ly":1475,"originColor":[255,255,255,255],"outRadius":0,"outX":0,"outY":0,"radius":36,"rx":728,"ry":1602,"w":2048,"x":663,"y":1550},{"areaColor":[200,5,30,255],"groupId":0,"h":2048,"identify":57,"lx":621,"ly":1571,"originColor":[255,255,255,255],"outRadius":0,"outX":0,"outY":0,"radius":13,"rx":728,"ry":1626,"w":2048,"x":700,"y":1600},{"areaColor":[205,5,30,255],"groupId":0,"h":2048,"identify":58,"lx":654,"ly":1614,"originColor":[255,255,255,255],"outRadius":0,"outX":0,"outY":0,"radius":21,"rx":740,"ry":1694,"w":2048,"x":691,"y":1644},{"areaColor":[120,5,30,255],"groupId":0,"h":2048,"identify":59,"lx":602,"ly":1023,"originColor":[255,255,255,255],"outRadius":0,"outX":0,"outY":0,"radius":14,"rx":1462,"ry":1303,"w":2048,"x":632,"y":1046},{"areaColor":[140,5,30,255],"groupId":0,"h":2048,"identify":60,"lx":715,"ly":1158,"originColor":[255,255,255,255],"outRadius":0,"outX":0,"outY":0,"radius":14,"rx":768,"ry":1208,"w":2048,"x":741,"y":1179},{"areaColor":[150,5,30,255],"groupId":0,"h":2048,"identify":61,"lx":959,"ly":1235,"originColor":[255,255,255,255],"outRadius":0,"outX":0,"outY":0,"radius":14,"rx":1010,"ry":1286,"w":2048,"x":985,"y":1263},{"areaColor":[145,5,30,255],"groupId":0,"h":2048,"identify":62,"lx":1064,"ly":1198,"originColor":[255,255,255,255],"outRadius":0,"outX":0,"outY":0,"radius":15,"rx":1115,"ry":1252,"w":2048,"x":1091,"y":1223},{"areaColor":[155,5,30,255],"groupId":0,"h":2048,"identify":63,"lx":1215,"ly":1249,"originColor":[255,255,255,255],"outRadius":0,"outX":0,"outY":0,"radius":13,"rx":1265,"ry":1301,"w":2048,"x":1240,"y":1277},{"areaColor":[130,5,30,255],"groupId":0,"h":2048,"identify":64,"lx":1316,"ly":1129,"originColor":[255,255,255,255],"outRadius":0,"outX":0,"outY":0,"radius":14,"rx":1367,"ry":1182,"w":2048,"x":1342,"y":1157},{"areaColor":[135,5,30,255],"groupId":0,"h":2048,"identify":65,"lx":1408,"ly":1154,"originColor":[255,255,255,255],"outRadius":0,"outX":0,"outY":0,"radius":14,"rx":1460,"ry":1207,"w":2048,"x":1433,"y":1178},{"areaColor":[210,5,30,255],"groupId":0,"h":2048,"identify":66,"lx":796,"ly":1681,"originColor":[255,255,255,255],"outRadius":0,"outX":0,"outY":0,"radius":20,"rx":1122,"ry":1880,"w":2048,"x":1048,"y":1726},{"areaColor":[215,5,30,255],"groupId":0,"h":2048,"identify":67,"lx":801,"ly":1700,"originColor":[255,255,255,255],"outRadius":0,"outX":0,"outY":0,"radius":19,"rx":892,"ry":1762,"w":2048,"x":844,"y":1737},{"areaColor":[235,5,30,255],"groupId":0,"h":2048,"identify":68,"lx":832,"ly":1749,"originColor":[255,255,255,255],"outRadius":0,"outX":0,"outY":0,"radius":32,"rx":945,"ry":1878,"w":2048,"x":875,"y":1838},{"areaColor":[230,5,30,255],"groupId":0,"h":2048,"identify":69,"lx":1023,"ly":1741,"originColor":[255,255,255,255],"outRadius":0,"outX":0,"outY":0,"radius":41,"rx":1116,"ry":1874,"w":2048,"x":1065,"y":1825},{"areaColor":[225,5,30,255],"groupId":0,"h":2048,"identify":70,"lx":737,"ly":1709,"originColor":[255,255,255,255],"outRadius":0,"outX":0,"outY":0,"radius":15,"rx":883,"ry":1892,"w":2048,"x":759,"y":1737},{"areaColor":[240,5,30,255],"groupId":0,"h":2048,"identify":71,"lx":812,"ly":1757,"originColor":[255,255,255,255],"outRadius":0,"outX":0,"outY":0,"radius":20,"rx":881,"ry":1804,"w":2048,"x":850,"y":1784},{"areaColor":[245,5,30,255],"groupId":0,"h":2048,"identify":72,"lx":798,"ly":1759,"originColor":[255,255,255,255],"outRadius":0,"outX":0,"outY":0,"radius":5,"rx":814,"ry":1775,"w":2048,"x":804,"y":1768},{"areaColor":[250,5,30,255],"groupId":0,"h":2048,"identify":73,"lx":759,"ly":1766,"originColor":[255,255,255,255],"outRadius":0,"outX":0,"outY":0,"radius":16,"rx":837,"ry":1890,"w":2048,"x":816,"y":1833},{"areaColor":[220,5,30,255],"groupId":0,"h":2048,"identify":74,"lx":1105,"ly":1707,"originColor":[255,255,255,255],"outRadius":0,"outX":0,"outY":0,"radius":18,"rx":1183,"ry":1858,"w":2048,"x":1152,"y":1742},{"areaColor":[10,10,30,255],"groupId":0,"h":2048,"identify":75,"lx":824,"ly":1831,"originColor":[255,255,255,255],"outRadius":0,"outX":0,"outY":0,"radius":48,"rx":1147,"ry":1960,"w":2048,"x":930,"y":1903},{"areaColor":[255,5,30,255],"groupId":0,"h":2048,"identify":76,"lx":1021,"ly":1834,"originColor":[255,255,255,255],"outRadius":0,"outX":0,"outY":0,"radius":46,"rx":1142,"ry":1958,"w":2048,"x":1085,"y":1912},{"areaColor":[30,10,30,255],"groupId":0,"h":2048,"identify":77,"lx":795,"ly":1850,"originColor":[255,255,255,255],"outRadius":0,"outX":0,"outY":0,"radius":8,"rx":1140,"ry":1981,"w":2048,"x":1107,"y":1967},{"areaColor":[20,10,30,255],"groupId":0,"h":2048,"identify":78,"lx":799,"ly":1852,"originColor":[255,255,255,255],"outRadius":0,"outX":0,"outY":0,"radius":5,"rx":996,"ry":1963,"w":2048,"x":852,"y":1942}]