[{"areaColor":[10,10,30,255],"h":2048,"identify":0,"lx":837,"ly":601,"originColor":[137,81,101,255],"outRadius":0,"outX":0,"outY":0,"radius":8,"rx":1288,"ry":724,"w":2048,"x":929,"y":610},{"areaColor":[30,10,30,255],"h":2048,"identify":1,"lx":944,"ly":615,"originColor":[64,19,29,255],"outRadius":0,"outX":0,"outY":0,"radius":2,"rx":953,"ry":619,"w":2048,"x":949,"y":618},{"areaColor":[85,10,30,255],"h":2048,"identify":2,"lx":1170,"ly":637,"originColor":[137,81,101,255],"outRadius":0,"outX":0,"outY":0,"radius":5,"rx":1285,"ry":721,"w":2048,"x":1213,"y":642},{"areaColor":[60,10,30,255],"h":2048,"identify":3,"lx":882,"ly":620,"originColor":[213,160,200,255],"outRadius":0,"outX":0,"outY":0,"radius":21,"rx":1242,"ry":721,"w":2048,"x":925,"y":644},{"areaColor":[115,10,30,255],"h":2048,"identify":4,"lx":1169,"ly":655,"originColor":[191,136,171,255],"outRadius":0,"outX":0,"outY":0,"radius":17,"rx":1239,"ry":718,"w":2048,"x":1219,"y":672},{"areaColor":[120,10,30,255],"h":2048,"identify":5,"lx":880,"ly":657,"originColor":[253,154,213,255],"outRadius":0,"outX":0,"outY":0,"radius":17,"rx":1241,"ry":761,"w":2048,"x":939,"y":706},{"areaColor":[155,10,30,255],"h":2048,"identify":6,"lx":1166,"ly":693,"originColor":[254,195,215,255],"outRadius":0,"outX":0,"outY":0,"radius":20,"rx":1238,"ry":758,"w":2048,"x":1187,"y":736},{"areaColor":[15,15,30,255],"h":2048,"identify":7,"lx":1024,"ly":801,"originColor":[180,95,96,255],"outRadius":0,"outX":0,"outY":0,"radius":2,"rx":1085,"ry":826,"w":2048,"x":1031,"y":805},{"areaColor":[35,15,30,255],"h":2048,"identify":8,"lx":1072,"ly":811,"originColor":[90,31,37,255],"outRadius":0,"outX":0,"outY":0,"radius":3,"rx":1083,"ry":823,"w":2048,"x":1080,"y":816},{"areaColor":[220,5,30,255],"h":2048,"identify":9,"lx":318,"ly":417,"originColor":[254,230,218,255],"outRadius":0,"outX":0,"outY":0,"radius":71,"rx":1618,"ry":2047,"w":2048,"x":1036,"y":723},{"areaColor":[170,5,30,255],"h":2048,"identify":10,"lx":840,"ly":501,"originColor":[254,230,218,255],"outRadius":0,"outX":0,"outY":0,"radius":29,"rx":1008,"ry":653,"w":2048,"x":955,"y":556},{"areaColor":[75,5,30,255],"h":2048,"identify":11,"lx":969,"ly":421,"originColor":[254,209,200,255],"outRadius":0,"outX":0,"outY":0,"radius":14,"rx":1025,"ry":501,"w":2048,"x":999,"y":484},{"areaColor":[130,5,30,255],"h":2048,"identify":12,"lx":1221,"ly":470,"originColor":[254,209,200,255],"outRadius":0,"outX":0,"outY":0,"radius":12,"rx":1260,"ry":543,"w":2048,"x":1237,"y":521},{"areaColor":[105,15,30,255],"h":2048,"identify":13,"lx":930,"ly":883,"originColor":[249,154,147,255],"outRadius":0,"outX":0,"outY":0,"radius":41,"rx":1130,"ry":1036,"w":2048,"x":1031,"y":960},{"areaColor":[210,25,30,255],"h":2048,"identify":14,"lx":322,"ly":1732,"originColor":[255,169,166,255],"outRadius":0,"outX":0,"outY":0,"radius":29,"rx":465,"ry":1956,"w":2048,"x":418,"y":1780},{"areaColor":[160,15,30,255],"h":2048,"identify":15,"lx":1459,"ly":937,"originColor":[243,151,152,255],"outRadius":0,"outX":0,"outY":0,"radius":45,"rx":1613,"ry":1357,"w":2048,"x":1504,"y":1295},{"areaColor":[170,15,30,255],"h":2048,"identify":16,"lx":1521,"ly":943,"originColor":[255,169,166,255],"outRadius":0,"outX":0,"outY":0,"radius":9,"rx":1543,"ry":985,"w":2048,"x":1530,"y":960},{"areaColor":[85,30,30,255],"h":2048,"identify":17,"lx":1138,"ly":1909,"originColor":[255,170,175,255],"outRadius":0,"outX":0,"outY":0,"radius":44,"rx":1359,"ry":2047,"w":2048,"x":1234,"y":2003},{"areaColor":[110,30,30,255],"h":2048,"identify":18,"lx":944,"ly":2005,"originColor":[255,170,175,255],"outRadius":0,"outX":0,"outY":0,"radius":21,"rx":1138,"ry":2047,"w":2048,"x":1042,"y":2025},{"areaColor":[180,0,30,255],"h":2048,"identify":19,"lx":196,"ly":227,"originColor":[254,120,185,255],"outRadius":0,"outX":0,"outY":0,"radius":29,"rx":761,"ry":1279,"w":2048,"x":625,"y":291},{"areaColor":[185,0,30,255],"h":2048,"identify":20,"lx":650,"ly":283,"originColor":[255,158,180,255],"outRadius":0,"outX":0,"outY":0,"radius":9,"rx":675,"ry":347,"w":2048,"x":659,"y":328},{"areaColor":[135,0,30,255],"h":2048,"identify":21,"lx":663,"ly":230,"originColor":[255,150,173,255],"outRadius":0,"outX":0,"outY":0,"radius":30,"rx":758,"ry":397,"w":2048,"x":702,"y":316},{"areaColor":[255,15,30,255],"h":2048,"identify":22,"lx":201,"ly":1011,"originColor":[255,173,182,255],"outRadius":0,"outX":0,"outY":0,"radius":30,"rx":354,"ry":1166,"w":2048,"x":317,"y":1059},{"areaColor":[70,20,30,255],"h":2048,"identify":23,"lx":277,"ly":1092,"originColor":[255,173,182,255],"outRadius":0,"outX":0,"outY":0,"radius":20,"rx":328,"ry":1150,"w":2048,"x":308,"y":1123},{"areaColor":[155,20,30,255],"h":2048,"identify":24,"lx":334,"ly":1173,"originColor":[220,153,195,255],"outRadius":0,"outX":0,"outY":0,"radius":16,"rx":380,"ry":1219,"w":2048,"x":350,"y":1192},{"areaColor":[145,20,30,255],"h":2048,"identify":25,"lx":307,"ly":1159,"originColor":[238,135,203,255],"outRadius":0,"outX":0,"outY":0,"radius":24,"rx":441,"ry":1274,"w":2048,"x":408,"y":1189},{"areaColor":[110,20,30,255],"h":2048,"identify":26,"lx":291,"ly":1135,"originColor":[255,124,169,255],"outRadius":0,"outX":0,"outY":0,"radius":13,"rx":360,"ry":1184,"w":2048,"x":340,"y":1157},{"areaColor":[90,15,30,255],"h":2048,"identify":27,"lx":483,"ly":849,"originColor":[238,120,171,255],"outRadius":0,"outX":0,"outY":0,"radius":31,"rx":682,"ry":1034,"w":2048,"x":615,"y":918},{"areaColor":[110,15,30,255],"h":2048,"identify":28,"lx":529,"ly":890,"originColor":[255,166,186,255],"outRadius":0,"outX":0,"outY":0,"radius":20,"rx":578,"ry":977,"w":2048,"x":550,"y":943},{"areaColor":[125,15,30,255],"h":2048,"identify":29,"lx":486,"ly":909,"originColor":[255,150,173,255],"outRadius":0,"outX":0,"outY":0,"radius":15,"rx":531,"ry":948,"w":2048,"x":504,"y":932},{"areaColor":[75,15,30,255],"h":2048,"identify":30,"lx":505,"ly":851,"originColor":[254,128,147,255],"outRadius":0,"outX":0,"outY":0,"radius":27,"rx":560,"ry":920,"w":2048,"x":532,"y":890},{"areaColor":[165,15,30,255],"h":2048,"identify":31,"lx":605,"ly":943,"originColor":[220,153,195,255],"outRadius":0,"outX":0,"outY":0,"radius":22,"rx":677,"ry":989,"w":2048,"x":651,"y":966},{"areaColor":[200,15,30,255],"h":2048,"identify":32,"lx":580,"ly":961,"originColor":[253,101,187,255],"outRadius":0,"outX":0,"outY":0,"radius":18,"rx":630,"ry":1029,"w":2048,"x":610,"y":1000},{"areaColor":[60,5,30,255],"h":2048,"identify":33,"lx":720,"ly":400,"originColor":[254,210,239,255],"outRadius":0,"outX":0,"outY":0,"radius":21,"rx":864,"ry":552,"w":2048,"x":791,"y":432},{"areaColor":[100,5,30,255],"h":2048,"identify":34,"lx":723,"ly":444,"originColor":[252,222,239,255],"outRadius":0,"outX":0,"outY":0,"radius":22,"rx":779,"ry":496,"w":2048,"x":751,"y":466},{"areaColor":[90,5,30,255],"h":2048,"identify":35,"lx":802,"ly":437,"originColor":[254,210,239,255],"outRadius":0,"outX":0,"outY":0,"radius":25,"rx":861,"ry":492,"w":2048,"x":832,"y":463},{"areaColor":[160,5,30,255],"h":2048,"identify":36,"lx":787,"ly":489,"originColor":[252,226,245,255],"outRadius":0,"outX":0,"outY":0,"radius":25,"rx":841,"ry":545,"w":2048,"x":815,"y":519},{"areaColor":[155,5,30,255],"h":2048,"identify":37,"lx":738,"ly":487,"originColor":[254,210,239,255],"outRadius":0,"outX":0,"outY":0,"radius":21,"rx":786,"ry":549,"w":2048,"x":763,"y":516},{"areaColor":[125,5,30,255],"h":2048,"identify":38,"lx":777,"ly":468,"originColor":[254,210,239,255],"outRadius":0,"outX":0,"outY":0,"radius":11,"rx":807,"ry":494,"w":2048,"x":791,"y":480},{"areaColor":[60,20,30,255],"h":2048,"identify":39,"lx":821,"ly":953,"originColor":[254,148,162,255],"outRadius":0,"outX":0,"outY":0,"radius":36,"rx":1309,"ry":1415,"w":2048,"x":969,"y":1116},{"areaColor":[190,15,30,255],"h":2048,"identify":40,"lx":1088,"ly":956,"originColor":[255,183,195,255],"outRadius":0,"outX":0,"outY":0,"radius":44,"rx":1275,"ry":1252,"w":2048,"x":1206,"y":1183},{"areaColor":[55,20,30,255],"h":2048,"identify":41,"lx":1102,"ly":1069,"originColor":[243,96,108,255],"outRadius":0,"outX":0,"outY":0,"radius":29,"rx":1189,"ry":1140,"w":2048,"x":1159,"y":1101},{"areaColor":[125,20,30,255],"h":2048,"identify":42,"lx":824,"ly":1138,"originColor":[255,173,189,255],"outRadius":0,"outX":0,"outY":0,"radius":47,"rx":1079,"ry":1412,"w":2048,"x":900,"y":1309},{"areaColor":[120,20,30,255],"h":2048,"identify":43,"lx":1082,"ly":1137,"originColor":[255,178,192,255],"outRadius":0,"outX":0,"outY":0,"radius":35,"rx":1305,"ry":1344,"w":2048,"x":1147,"y":1291},{"areaColor":[205,15,30,255],"h":2048,"identify":44,"lx":835,"ly":962,"originColor":[255,178,192,255],"outRadius":0,"outX":0,"outY":0,"radius":46,"rx":1040,"ry":1287,"w":2048,"x":949,"y":1218},{"areaColor":[105,20,30,255],"h":2048,"identify":45,"lx":992,"ly":1121,"originColor":[253,115,144,255],"outRadius":0,"outX":0,"outY":0,"radius":16,"rx":1177,"ry":1289,"w":2048,"x":1023,"y":1205},{"areaColor":[100,20,30,255],"h":2048,"identify":46,"lx":1087,"ly":1125,"originColor":[212,25,51,255],"outRadius":0,"outX":0,"outY":0,"radius":17,"rx":1174,"ry":1254,"w":2048,"x":1142,"y":1211},{"areaColor":[40,20,30,255],"h":2048,"identify":47,"lx":1042,"ly":1049,"originColor":[210,189,207,255],"outRadius":0,"outX":0,"outY":0,"radius":23,"rx":1091,"ry":1120,"w":2048,"x":1066,"y":1081},{"areaColor":[25,20,30,255],"h":2048,"identify":48,"lx":1027,"ly":1034,"originColor":[253,174,153,255],"outRadius":0,"outX":0,"outY":0,"radius":6,"rx":1104,"ry":1136,"w":2048,"x":1059,"y":1126},{"areaColor":[55,0,30,255],"h":2048,"identify":49,"lx":68,"ly":27,"originColor":[201,168,206,255],"outRadius":0,"outX":0,"outY":0,"radius":34,"rx":1605,"ry":1341,"w":2048,"x":939,"y":183},{"areaColor":[105,0,30,255],"h":2048,"identify":50,"lx":722,"ly":194,"originColor":[238,203,208,255],"outRadius":0,"outX":0,"outY":0,"radius":20,"rx":876,"ry":398,"w":2048,"x":785,"y":313},{"areaColor":[220,0,30,255],"h":2048,"identify":51,"lx":625,"ly":335,"originColor":[242,205,219,255],"outRadius":0,"outX":0,"outY":0,"radius":20,"rx":797,"ry":637,"w":2048,"x":646,"y":544},{"areaColor":[15,5,30,255],"h":2048,"identify":52,"lx":543,"ly":377,"originColor":[244,213,219,255],"outRadius":0,"outX":0,"outY":0,"radius":21,"rx":712,"ry":473,"w":2048,"x":680,"y":409},{"areaColor":[50,0,30,255],"h":2048,"identify":53,"lx":735,"ly":118,"originColor":[206,172,210,255],"outRadius":0,"outX":0,"outY":0,"radius":27,"rx":980,"ry":352,"w":2048,"x":795,"y":218},{"areaColor":[45,0,30,255],"h":2048,"identify":54,"lx":664,"ly":75,"originColor":[199,159,195,255],"outRadius":0,"outX":0,"outY":0,"radius":22,"rx":1130,"ry":277,"w":2048,"x":1107,"y":125},{"areaColor":[60,0,30,255],"h":2048,"identify":55,"lx":1156,"ly":121,"originColor":[184,149,188,255],"outRadius":0,"outX":0,"outY":0,"radius":6,"rx":1172,"ry":153,"w":2048,"x":1163,"y":130},{"areaColor":[65,0,30,255],"h":2048,"identify":56,"lx":1178,"ly":127,"originColor":[201,168,206,255],"outRadius":0,"outX":0,"outY":0,"radius":16,"rx":1603,"ry":623,"w":2048,"x":1215,"y":147},{"areaColor":[30,5,30,255],"h":2048,"identify":57,"lx":1381,"ly":389,"originColor":[214,179,210,255],"outRadius":0,"outX":0,"outY":0,"radius":27,"rx":1548,"ry":1023,"w":2048,"x":1494,"y":729},{"areaColor":[135,10,30,255],"h":2048,"identify":58,"lx":1332,"ly":676,"originColor":[194,157,202,255],"outRadius":0,"outX":0,"outY":0,"radius":37,"rx":1466,"ry":1012,"w":2048,"x":1427,"y":879},{"areaColor":[45,15,30,255],"h":2048,"identify":59,"lx":1495,"ly":813,"originColor":[194,157,202,255],"outRadius":0,"outX":0,"outY":0,"radius":12,"rx":1547,"ry":873,"w":2048,"x":1509,"y":857},{"areaColor":[120,5,30,255],"h":2048,"identify":60,"lx":646,"ly":468,"originColor":[250,219,222,255],"outRadius":0,"outX":0,"outY":0,"radius":35,"rx":756,"ry":641,"w":2048,"x":703,"y":566},{"areaColor":[10,5,30,255],"h":2048,"identify":61,"lx":736,"ly":374,"originColor":[242,205,219,255],"outRadius":0,"outX":0,"outY":0,"radius":9,"rx":782,"ry":440,"w":2048,"x":755,"y":427},{"areaColor":[240,0,30,255],"h":2048,"identify":62,"lx":627,"ly":359,"originColor":[244,218,224,255],"outRadius":0,"outX":0,"outY":0,"radius":8,"rx":673,"ry":425,"w":2048,"x":664,"y":374},{"areaColor":[235,0,30,255],"h":2048,"identify":63,"lx":552,"ly":358,"originColor":[244,218,224,255],"outRadius":0,"outX":0,"outY":0,"radius":18,"rx":656,"ry":443,"w":2048,"x":584,"y":425},{"areaColor":[110,5,30,255],"h":2048,"identify":64,"lx":361,"ly":450,"originColor":[219,187,210,255],"outRadius":0,"outX":0,"outY":0,"radius":22,"rx":578,"ry":721,"w":2048,"x":537,"y":480},{"areaColor":[135,5,30,255],"h":2048,"identify":65,"lx":420,"ly":475,"originColor":[231,202,222,255],"outRadius":0,"outX":0,"outY":0,"radius":24,"rx":603,"ry":649,"w":2048,"x":527,"y":552},{"areaColor":[115,5,30,255],"h":2048,"identify":66,"lx":356,"ly":466,"originColor":[217,179,200,255],"outRadius":0,"outX":0,"outY":0,"radius":20,"rx":637,"ry":739,"w":2048,"x":541,"y":650},{"areaColor":[230,5,30,255],"h":2048,"identify":67,"lx":606,"ly":550,"originColor":[242,205,219,255],"outRadius":0,"outX":0,"outY":0,"radius":27,"rx":765,"ry":688,"w":2048,"x":720,"y":638},{"areaColor":[95,10,30,255],"h":2048,"identify":68,"lx":634,"ly":640,"originColor":[238,216,229,255],"outRadius":0,"outX":0,"outY":0,"radius":34,"rx":791,"ry":914,"w":2048,"x":757,"y":753},{"areaColor":[170,10,30,255],"h":2048,"identify":69,"lx":761,"ly":711,"originColor":[215,168,176,255],"outRadius":0,"outX":0,"outY":0,"radius":11,"rx":813,"ry":880,"w":2048,"x":801,"y":793},{"areaColor":[175,10,30,255],"h":2048,"identify":70,"lx":790,"ly":722,"originColor":[232,209,226,255],"outRadius":0,"outX":0,"outY":0,"radius":7,"rx":827,"ry":868,"w":2048,"x":816,"y":822},{"areaColor":[110,10,30,255],"h":2048,"identify":71,"lx":645,"ly":654,"originColor":[238,216,229,255],"outRadius":0,"outX":0,"outY":0,"radius":26,"rx":748,"ry":862,"w":2048,"x":698,"y":725},{"areaColor":[150,10,30,255],"h":2048,"identify":72,"lx":580,"ly":690,"originColor":[234,207,223,255],"outRadius":0,"outX":0,"outY":0,"radius":31,"rx":679,"ry":885,"w":2048,"x":611,"y":832},{"areaColor":[140,10,30,255],"h":2048,"identify":73,"lx":568,"ly":681,"originColor":[238,211,227,255],"outRadius":0,"outX":0,"outY":0,"radius":17,"rx":652,"ry":847,"w":2048,"x":616,"y":706},{"areaColor":[15,10,30,255],"h":2048,"identify":74,"lx":486,"ly":605,"originColor":[190,151,196,255],"outRadius":0,"outX":0,"outY":0,"radius":43,"rx":609,"ry":821,"w":2048,"x":529,"y":750},{"areaColor":[160,10,30,255],"h":2048,"identify":75,"lx":395,"ly":710,"originColor":[226,205,225,255],"outRadius":0,"outX":0,"outY":0,"radius":42,"rx":530,"ry":825,"w":2048,"x":443,"y":775},{"areaColor":[190,10,30,255],"h":2048,"identify":76,"lx":328,"ly":726,"originColor":[232,209,226,255],"outRadius":0,"outX":0,"outY":0,"radius":31,"rx":432,"ry":818,"w":2048,"x":361,"y":786},{"areaColor":[50,15,30,255],"h":2048,"identify":77,"lx":420,"ly":817,"originColor":[226,197,216,255],"outRadius":0,"outX":0,"outY":0,"radius":20,"rx":591,"ry":896,"w":2048,"x":484,"y":850},{"areaColor":[85,15,30,255],"h":2048,"identify":78,"lx":653,"ly":879,"originColor":[201,168,206,255],"outRadius":0,"outX":0,"outY":0,"radius":17,"rx":786,"ry":950,"w":2048,"x":687,"y":932},{"areaColor":[120,15,30,255],"h":2048,"identify":79,"lx":377,"ly":898,"originColor":[238,216,229,255],"outRadius":0,"outX":0,"outY":0,"radius":19,"rx":500,"ry":1054,"w":2048,"x":430,"y":1015},{"areaColor":[155,15,30,255],"h":2048,"identify":80,"lx":452,"ly":936,"originColor":[230,216,228,255],"outRadius":0,"outX":0,"outY":0,"radius":18,"rx":526,"ry":1045,"w":2048,"x":478,"y":971},{"areaColor":[210,15,30,255],"h":2048,"identify":81,"lx":511,"ly":963,"originColor":[219,187,210,255],"outRadius":0,"outX":0,"outY":0,"radius":18,"rx":580,"ry":1032,"w":2048,"x":543,"y":998},{"areaColor":[250,15,30,255],"h":2048,"identify":82,"lx":437,"ly":999,"originColor":[226,197,216,255],"outRadius":0,"outX":0,"outY":0,"radius":25,"rx":594,"ry":1141,"w":2048,"x":518,"y":1061},{"areaColor":[30,20,30,255],"h":2048,"identify":83,"lx":353,"ly":1043,"originColor":[231,202,222,255],"outRadius":0,"outX":0,"outY":0,"radius":27,"rx":489,"ry":1153,"w":2048,"x":414,"y":1118},{"areaColor":[160,20,30,255],"h":2048,"identify":84,"lx":72,"ly":1176,"originColor":[226,205,225,255],"outRadius":0,"outX":0,"outY":0,"radius":28,"rx":305,"ry":1338,"w":2048,"x":135,"y":1310},{"areaColor":[135,20,30,255],"h":2048,"identify":85,"lx":102,"ly":1145,"originColor":[234,207,223,255],"outRadius":0,"outX":0,"outY":0,"radius":21,"rx":283,"ry":1201,"w":2048,"x":145,"y":1166},{"areaColor":[75,20,30,255],"h":2048,"identify":86,"lx":87,"ly":1097,"originColor":[247,226,227,255],"outRadius":0,"outX":0,"outY":0,"radius":24,"rx":250,"ry":1190,"w":2048,"x":124,"y":1121},{"areaColor":[20,0,30,255],"h":2048,"identify":87,"lx":1110,"ly":30,"originColor":[214,179,210,255],"outRadius":0,"outX":0,"outY":0,"radius":11,"rx":1154,"ry":179,"w":2048,"x":1144,"y":123},{"areaColor":[40,0,30,255],"h":2048,"identify":88,"lx":1155,"ly":50,"originColor":[184,149,188,255],"outRadius":0,"outX":0,"outY":0,"radius":10,"rx":1203,"ry":163,"w":2048,"x":1186,"y":132},{"areaColor":[10,15,30,255],"h":2048,"identify":89,"lx":703,"ly":795,"originColor":[149,141,179,255],"outRadius":0,"outX":0,"outY":0,"radius":30,"rx":882,"ry":958,"w":2048,"x":821,"y":892},{"areaColor":[65,15,30,255],"h":2048,"identify":90,"lx":754,"ly":846,"originColor":[184,149,188,255],"outRadius":0,"outX":0,"outY":0,"radius":29,"rx":931,"ry":962,"w":2048,"x":897,"y":893},{"areaColor":[80,0,30,255],"h":2048,"identify":91,"lx":761,"ly":161,"originColor":[247,226,227,255],"outRadius":0,"outX":0,"outY":0,"radius":54,"rx":1227,"ry":748,"w":2048,"x":1096,"y":356},{"areaColor":[100,0,30,255],"h":2048,"identify":92,"lx":1026,"ly":193,"originColor":[198,150,157,255],"outRadius":0,"outX":0,"outY":0,"radius":11,"rx":1127,"ry":253,"w":2048,"x":1102,"y":204},{"areaColor":[115,0,30,255],"h":2048,"identify":93,"lx":1176,"ly":219,"originColor":[240,209,214,255],"outRadius":0,"outX":0,"outY":0,"radius":29,"rx":1311,"ry":624,"w":2048,"x":1261,"y":441},{"areaColor":[130,0,30,255],"h":2048,"identify":94,"lx":1200,"ly":228,"originColor":[244,213,219,255],"outRadius":0,"outX":0,"outY":0,"radius":19,"rx":1346,"ry":745,"w":2048,"x":1289,"y":354},{"areaColor":[85,0,30,255],"h":2048,"identify":95,"lx":1146,"ly":163,"originColor":[234,207,223,255],"outRadius":0,"outX":0,"outY":0,"radius":43,"rx":1463,"ry":807,"w":2048,"x":1384,"y":469},{"areaColor":[110,0,30,255],"h":2048,"identify":96,"lx":1175,"ly":201,"originColor":[154,98,112,255],"outRadius":0,"outX":0,"outY":0,"radius":11,"rx":1278,"ry":284,"w":2048,"x":1202,"y":212},{"areaColor":[65,10,30,255],"h":2048,"identify":97,"lx":1223,"ly":622,"originColor":[225,195,208,255],"outRadius":0,"outX":0,"outY":0,"radius":31,"rx":1436,"ry":968,"w":2048,"x":1343,"y":800},{"areaColor":[55,15,30,255],"h":2048,"identify":98,"lx":1179,"ly":832,"originColor":[172,143,175,255],"outRadius":0,"outX":0,"outY":0,"radius":43,"rx":1328,"ry":986,"w":2048,"x":1241,"y":911},{"areaColor":[60,15,30,255],"h":2048,"identify":99,"lx":1293,"ly":843,"originColor":[194,157,202,255],"outRadius":0,"outX":0,"outY":0,"radius":15,"rx":1332,"ry":941,"w":2048,"x":1308,"y":913},{"areaColor":[115,15,30,255],"h":2048,"identify":100,"lx":1077,"ly":890,"originColor":[124,91,113,255],"outRadius":0,"outX":0,"outY":0,"radius":29,"rx":1212,"ry":962,"w":2048,"x":1126,"y":933},{"areaColor":[45,20,30,255],"h":2048,"identify":101,"lx":632,"ly":979,"originColor":[247,226,227,255],"outRadius":0,"outX":0,"outY":0,"radius":34,"rx":1466,"ry":1228,"w":2048,"x":848,"y":1116},{"areaColor":[35,20,30,255],"h":2048,"identify":102,"lx":701,"ly":1043,"originColor":[248,229,233,255],"outRadius":0,"outX":0,"outY":0,"radius":30,"rx":838,"ry":1182,"w":2048,"x":761,"y":1147},{"areaColor":[10,20,30,255],"h":2048,"identify":103,"lx":662,"ly":1032,"originColor":[238,211,227,255],"outRadius":0,"outX":0,"outY":0,"radius":35,"rx":830,"ry":1117,"w":2048,"x":737,"y":1082},{"areaColor":[240,15,30,255],"h":2048,"identify":104,"lx":736,"ly":990,"originColor":[152,117,150,255],"outRadius":0,"outX":0,"outY":0,"radius":14,"rx":829,"ry":1042,"w":2048,"x":814,"y":1017},{"areaColor":[20,20,30,255],"h":2048,"identify":105,"lx":1233,"ly":1036,"originColor":[205,164,203,255],"outRadius":0,"outX":0,"outY":0,"radius":37,"rx":1339,"ry":1208,"w":2048,"x":1298,"y":1145},{"areaColor":[220,15,30,255],"h":2048,"identify":106,"lx":1267,"ly":982,"originColor":[205,164,203,255],"outRadius":0,"outX":0,"outY":0,"radius":35,"rx":1462,"ry":1156,"w":2048,"x":1311,"y":1027},{"areaColor":[170,20,30,255],"h":2048,"identify":107,"lx":838,"ly":1181,"originColor":[244,213,219,255],"outRadius":0,"outX":0,"outY":0,"radius":12,"rx":885,"ry":1225,"w":2048,"x":865,"y":1194},{"areaColor":[65,20,30,255],"h":2048,"identify":108,"lx":636,"ly":1091,"originColor":[252,232,237,255],"outRadius":0,"outX":0,"outY":0,"radius":17,"rx":804,"ry":1219,"w":2048,"x":756,"y":1202},{"areaColor":[80,20,30,255],"h":2048,"identify":109,"lx":636,"ly":1107,"originColor":[239,195,214,255],"outRadius":0,"outX":0,"outY":0,"radius":11,"rx":677,"ry":1160,"w":2048,"x":655,"y":1135},{"areaColor":[175,20,30,255],"h":2048,"identify":110,"lx":376,"ly":1105,"originColor":[243,231,240,255],"outRadius":0,"outX":0,"outY":0,"radius":88,"rx":1731,"ry":1741,"w":2048,"x":741,"y":1445},{"areaColor":[140,20,30,255],"h":2048,"identify":111,"lx":534,"ly":1152,"originColor":[252,235,241,255],"outRadius":0,"outX":0,"outY":0,"radius":50,"rx":781,"ry":1372,"w":2048,"x":689,"y":1242},{"areaColor":[60,25,30,255],"h":2048,"identify":112,"lx":470,"ly":1438,"originColor":[233,213,236,255],"outRadius":0,"outX":0,"outY":0,"radius":27,"rx":540,"ry":1555,"w":2048,"x":502,"y":1473},{"areaColor":[100,25,30,255],"h":2048,"identify":113,"lx":626,"ly":1527,"originColor":[233,203,230,255],"outRadius":0,"outX":0,"outY":0,"radius":30,"rx":731,"ry":1605,"w":2048,"x":684,"y":1558},{"areaColor":[125,25,30,255],"h":2048,"identify":114,"lx":667,"ly":1637,"originColor":[228,189,220,255],"outRadius":0,"outX":0,"outY":0,"radius":32,"rx":791,"ry":1735,"w":2048,"x":713,"y":1683},{"areaColor":[85,20,30,255],"h":2048,"identify":115,"lx":1248,"ly":1108,"originColor":[195,147,180,255],"outRadius":0,"outX":0,"outY":0,"radius":41,"rx":1439,"ry":1326,"w":2048,"x":1318,"y":1233},{"areaColor":[190,20,30,255],"h":2048,"identify":116,"lx":1396,"ly":1207,"originColor":[216,170,200,255],"outRadius":0,"outX":0,"outY":0,"radius":43,"rx":1726,"ry":1537,"w":2048,"x":1575,"y":1452},{"areaColor":[240,20,30,255],"h":2048,"identify":117,"lx":470,"ly":1305,"originColor":[199,159,195,255],"outRadius":0,"outX":0,"outY":0,"radius":18,"rx":1567,"ry":1767,"w":2048,"x":1375,"y":1376},{"areaColor":[110,25,30,255],"h":2048,"identify":118,"lx":473,"ly":1559,"originColor":[219,187,210,255],"outRadius":0,"outX":0,"outY":0,"radius":16,"rx":682,"ry":1764,"w":2048,"x":664,"y":1701},{"areaColor":[115,25,30,255],"h":2048,"identify":119,"lx":248,"ly":1129,"originColor":[252,226,245,255],"outRadius":0,"outX":0,"outY":0,"radius":59,"rx":1745,"ry":1861,"w":2048,"x":479,"y":1704},{"areaColor":[80,25,30,255],"h":2048,"identify":120,"lx":307,"ly":1512,"originColor":[252,226,245,255],"outRadius":0,"outX":0,"outY":0,"radius":32,"rx":551,"ry":1680,"w":2048,"x":411,"y":1634},{"areaColor":[105,25,30,255],"h":2048,"identify":121,"lx":295,"ly":1551,"originColor":[254,214,231,255],"outRadius":0,"outX":0,"outY":0,"radius":21,"rx":406,"ry":1722,"w":2048,"x":334,"y":1618},{"areaColor":[120,25,30,255],"h":2048,"identify":122,"lx":522,"ly":1611,"originColor":[242,212,233,255],"outRadius":0,"outX":0,"outY":0,"radius":51,"rx":629,"ry":1858,"w":2048,"x":573,"y":1784},{"areaColor":[155,25,30,255],"h":2048,"identify":123,"lx":622,"ly":1675,"originColor":[214,172,217,255],"outRadius":0,"outX":0,"outY":0,"radius":9,"rx":647,"ry":1819,"w":2048,"x":639,"y":1746},{"areaColor":[255,25,30,255],"h":2048,"identify":124,"lx":455,"ly":1790,"originColor":[233,170,202,255],"outRadius":0,"outX":0,"outY":0,"radius":28,"rx":538,"ry":1853,"w":2048,"x":492,"y":1822},{"areaColor":[130,25,30,255],"h":2048,"identify":125,"lx":254,"ly":1639,"originColor":[226,205,225,255],"outRadius":0,"outX":0,"outY":0,"radius":23,"rx":402,"ry":1730,"w":2048,"x":304,"y":1667},{"areaColor":[165,25,30,255],"h":2048,"identify":126,"lx":251,"ly":1692,"originColor":[217,186,219,255],"outRadius":0,"outX":0,"outY":0,"radius":45,"rx":374,"ry":1803,"w":2048,"x":313,"y":1750},{"areaColor":[210,20,30,255],"h":2048,"identify":127,"lx":1486,"ly":1251,"originColor":[220,153,195,255],"outRadius":0,"outX":0,"outY":0,"radius":37,"rx":1740,"ry":1433,"w":2048,"x":1686,"y":1355},{"areaColor":[115,20,30,255],"h":2048,"identify":128,"lx":1546,"ly":1135,"originColor":[210,140,183,255],"outRadius":0,"outX":0,"outY":0,"radius":48,"rx":1679,"ry":1317,"w":2048,"x":1627,"y":1256},{"areaColor":[185,20,30,255],"h":2048,"identify":129,"lx":552,"ly":1200,"originColor":[213,160,200,255],"outRadius":0,"outX":0,"outY":0,"radius":32,"rx":1778,"ry":2047,"w":2048,"x":1083,"y":1336},{"areaColor":[10,25,30,255],"h":2048,"identify":130,"lx":879,"ly":1360,"originColor":[209,147,190,255],"outRadius":0,"outX":0,"outY":0,"radius":16,"rx":958,"ry":1394,"w":2048,"x":903,"y":1378},{"areaColor":[215,20,30,255],"h":2048,"identify":131,"lx":1135,"ly":1288,"originColor":[203,153,209,255],"outRadius":0,"outX":0,"outY":0,"radius":24,"rx":1257,"ry":1364,"w":2048,"x":1228,"y":1320},{"areaColor":[40,25,30,255],"h":2048,"identify":132,"lx":610,"ly":1380,"originColor":[247,231,238,255],"outRadius":0,"outX":0,"outY":0,"radius":87,"rx":976,"ry":2012,"w":2048,"x":834,"y":1875},{"areaColor":[20,25,30,255],"h":2048,"identify":133,"lx":924,"ly":1370,"originColor":[253,241,238,255],"outRadius":0,"outX":0,"outY":0,"radius":96,"rx":1157,"ry":1961,"w":2048,"x":1048,"y":1571},{"areaColor":[50,25,30,255],"h":2048,"identify":134,"lx":800,"ly":1397,"originColor":[208,170,203,255],"outRadius":0,"outX":0,"outY":0,"radius":16,"rx":908,"ry":1660,"w":2048,"x":840,"y":1506},{"areaColor":[255,20,30,255],"h":2048,"identify":135,"lx":1061,"ly":1355,"originColor":[243,226,234,255],"outRadius":0,"outX":0,"outY":0,"radius":61,"rx":1242,"ry":1574,"w":2048,"x":1168,"y":1441},{"areaColor":[75,25,30,255],"h":2048,"identify":136,"lx":1190,"ly":1494,"originColor":[228,175,216,255],"outRadius":0,"outX":0,"outY":0,"radius":80,"rx":1462,"ry":1805,"w":2048,"x":1288,"y":1637},{"areaColor":[135,25,30,255],"h":2048,"identify":137,"lx":1094,"ly":1647,"originColor":[252,232,237,255],"outRadius":0,"outX":0,"outY":0,"radius":40,"rx":1248,"ry":1897,"w":2048,"x":1190,"y":1841},{"areaColor":[55,25,30,255],"h":2048,"identify":138,"lx":1284,"ly":1416,"originColor":[232,209,226,255],"outRadius":0,"outX":0,"outY":0,"radius":70,"rx":1623,"ry":1695,"w":2048,"x":1453,"y":1603},{"areaColor":[245,20,30,255],"h":2048,"identify":139,"lx":1191,"ly":1345,"originColor":[203,153,209,255],"outRadius":0,"outX":0,"outY":0,"radius":30,"rx":1281,"ry":1434,"w":2048,"x":1241,"y":1379},{"areaColor":[100,30,30,255],"h":2048,"identify":140,"lx":555,"ly":1977,"originColor":[241,222,231,255],"outRadius":0,"outX":0,"outY":0,"radius":34,"rx":710,"ry":2047,"w":2048,"x":620,"y":2013},{"areaColor":[90,30,30,255],"h":2048,"identify":141,"lx":958,"ly":1920,"originColor":[231,202,222,255],"outRadius":0,"outX":0,"outY":0,"radius":33,"rx":1175,"ry":2020,"w":2048,"x":1054,"y":1966},{"areaColor":[80,30,30,255],"h":2048,"identify":142,"lx":1076,"ly":1894,"originColor":[216,184,228,255],"outRadius":0,"outX":0,"outY":0,"radius":30,"rx":1224,"ry":1963,"w":2048,"x":1186,"y":1931},{"areaColor":[50,30,30,255],"h":2048,"identify":143,"lx":1218,"ly":1836,"originColor":[252,232,237,255],"outRadius":0,"outX":0,"outY":0,"radius":54,"rx":1344,"ry":1964,"w":2048,"x":1281,"y":1907},{"areaColor":[25,30,30,255],"h":2048,"identify":144,"lx":1301,"ly":1810,"originColor":[216,184,228,255],"outRadius":0,"outX":0,"outY":0,"radius":35,"rx":1407,"ry":1902,"w":2048,"x":1367,"y":1856},{"areaColor":[10,30,30,255],"h":2048,"identify":145,"lx":1393,"ly":1791,"originColor":[244,227,248,255],"outRadius":0,"outX":0,"outY":0,"radius":50,"rx":1513,"ry":1916,"w":2048,"x":1461,"y":1860},{"areaColor":[235,25,30,255],"h":2048,"identify":146,"lx":1483,"ly":1753,"originColor":[214,172,217,255],"outRadius":0,"outX":0,"outY":0,"radius":24,"rx":1676,"ry":1834,"w":2048,"x":1544,"y":1787},{"areaColor":[245,25,30,255],"h":2048,"identify":147,"lx":1635,"ly":1776,"originColor":[233,203,230,255],"outRadius":0,"outX":0,"outY":0,"radius":27,"rx":1772,"ry":1858,"w":2048,"x":1717,"y":1829},{"areaColor":[55,30,30,255],"h":2048,"identify":148,"lx":1390,"ly":1842,"originColor":[200,169,226,255],"outRadius":0,"outX":0,"outY":0,"radius":42,"rx":1775,"ry":2047,"w":2048,"x":1575,"y":1946},{"areaColor":[30,30,30,255],"h":2048,"identify":149,"lx":1334,"ly":1807,"originColor":[184,158,221,255],"outRadius":0,"outX":0,"outY":0,"radius":43,"rx":1683,"ry":2047,"w":2048,"x":1403,"y":1961},{"areaColor":[95,30,30,255],"h":2048,"identify":150,"lx":711,"ly":1657,"originColor":[255,181,184,255],"outRadius":0,"outX":0,"outY":0,"radius":26,"rx":1727,"ry":2047,"w":2048,"x":857,"y":1995},{"areaColor":[105,30,30,255],"h":2048,"identify":151,"lx":714,"ly":1981,"originColor":[255,185,189,255],"outRadius":0,"outX":0,"outY":0,"radius":21,"rx":780,"ry":2047,"w":2048,"x":740,"y":2001},{"areaColor":[115,30,30,255],"h":2048,"identify":152,"lx":781,"ly":2006,"originColor":[255,185,189,255],"outRadius":0,"outX":0,"outY":0,"radius":15,"rx":809,"ry":2047,"w":2048,"x":795,"y":2026},{"areaColor":[250,25,30,255],"h":2048,"identify":153,"lx":1069,"ly":1788,"originColor":[251,160,169,255],"outRadius":0,"outX":0,"outY":0,"radius":24,"rx":1156,"ry":1918,"w":2048,"x":1119,"y":1820},{"areaColor":[65,30,30,255],"h":2048,"identify":154,"lx":1047,"ly":1845,"originColor":[255,158,180,255],"outRadius":0,"outX":0,"outY":0,"radius":13,"rx":1078,"ry":1917,"w":2048,"x":1061,"y":1897},{"areaColor":[75,30,30,255],"h":2048,"identify":155,"lx":1005,"ly":1881,"originColor":[255,150,173,255],"outRadius":0,"outX":0,"outY":0,"radius":11,"rx":1050,"ry":1943,"w":2048,"x":1036,"y":1916},{"areaColor":[40,30,30,255],"h":2048,"identify":156,"lx":970,"ly":1822,"originColor":[255,158,180,255],"outRadius":0,"outX":0,"outY":0,"radius":12,"rx":1007,"ry":1876,"w":2048,"x":985,"y":1837},{"areaColor":[205,25,30,255],"h":2048,"identify":157,"lx":1208,"ly":1730,"originColor":[255,183,195,255],"outRadius":0,"outX":0,"outY":0,"radius":33,"rx":1306,"ry":1852,"w":2048,"x":1266,"y":1810},{"areaColor":[220,25,30,255],"h":2048,"identify":158,"lx":1285,"ly":1746,"originColor":[255,181,184,255],"outRadius":0,"outX":0,"outY":0,"radius":12,"rx":1334,"ry":1809,"w":2048,"x":1319,"y":1793},{"areaColor":[185,25,30,255],"h":2048,"identify":159,"lx":1312,"ly":1702,"originColor":[255,181,184,255],"outRadius":0,"outX":0,"outY":0,"radius":30,"rx":1402,"ry":1816,"w":2048,"x":1364,"y":1781},{"areaColor":[160,25,30,255],"h":2048,"identify":160,"lx":1425,"ly":1679,"originColor":[255,185,189,255],"outRadius":0,"outX":0,"outY":0,"radius":31,"rx":1529,"ry":1794,"w":2048,"x":1487,"y":1757},{"areaColor":[150,25,30,255],"h":2048,"identify":161,"lx":1527,"ly":1664,"originColor":[254,134,161,255],"outRadius":0,"outX":0,"outY":0,"radius":30,"rx":1626,"ry":1770,"w":2048,"x":1589,"y":1739},{"areaColor":[175,25,30,255],"h":2048,"identify":162,"lx":1508,"ly":1699,"originColor":[253,110,131,255],"outRadius":0,"outX":0,"outY":0,"radius":8,"rx":1547,"ry":1751,"w":2048,"x":1534,"y":1730},{"areaColor":[180,25,30,255],"h":2048,"identify":163,"lx":1613,"ly":1700,"originColor":[211,125,170,255],"outRadius":0,"outX":0,"outY":0,"radius":8,"rx":1650,"ry":1771,"w":2048,"x":1641,"y":1763},{"areaColor":[240,25,30,255],"h":2048,"identify":164,"lx":1579,"ly":1767,"originColor":[211,125,170,255],"outRadius":0,"outX":0,"outY":0,"radius":7,"rx":1631,"ry":1790,"w":2048,"x":1590,"y":1783},{"areaColor":[140,25,30,255],"h":2048,"identify":165,"lx":1624,"ly":1660,"originColor":[233,170,202,255],"outRadius":0,"outX":0,"outY":0,"radius":24,"rx":1724,"ry":1769,"w":2048,"x":1695,"y":1743},{"areaColor":[45,25,30,255],"h":2048,"identify":166,"lx":508,"ly":1286,"originColor":[145,121,133,255],"outRadius":0,"outX":0,"outY":0,"radius":63,"rx":1895,"ry":2047,"w":2048,"x":1792,"y":1763},{"areaColor":[220,20,30,255],"h":2048,"identify":167,"lx":1255,"ly":1289,"originColor":[18,12,11,255],"outRadius":0,"outX":0,"outY":0,"radius":22,"rx":1307,"ry":1369,"w":2048,"x":1279,"y":1333},{"areaColor":[230,25,30,255],"h":2048,"identify":168,"lx":511,"ly":1752,"originColor":[223,178,219,255],"outRadius":0,"outX":0,"outY":0,"radius":35,"rx":678,"ry":2047,"w":2048,"x":570,"y":1955},{"areaColor":[15,25,30,255],"h":2048,"identify":169,"lx":835,"ly":1367,"originColor":[18,12,11,255],"outRadius":0,"outX":0,"outY":0,"radius":10,"rx":882,"ry":1470,"w":2048,"x":871,"y":1395},{"areaColor":[70,30,30,255],"h":2048,"identify":170,"lx":445,"ly":1522,"originColor":[247,231,238,255],"outRadius":0,"outX":0,"outY":0,"radius":25,"rx":1855,"ry":2047,"w":2048,"x":484,"y":2019},{"areaColor":[95,25,30,255],"h":2048,"identify":171,"lx":1526,"ly":1525,"originColor":[222,193,215,255],"outRadius":0,"outX":0,"outY":0,"radius":25,"rx":1849,"ry":1719,"w":2048,"x":1645,"y":1568},{"areaColor":[50,20,30,255],"h":2048,"identify":172,"lx":877,"ly":513,"originColor":[253,90,142,255],"outRadius":0,"outX":0,"outY":0,"radius":25,"rx":1907,"ry":2047,"w":2048,"x":1480,"y":1109},{"areaColor":[230,10,30,255],"h":2048,"identify":173,"lx":1552,"ly":748,"originColor":[253,102,149,255],"outRadius":0,"outX":0,"outY":0,"radius":30,"rx":1732,"ry":950,"w":2048,"x":1685,"y":779},{"areaColor":[215,15,30,255],"h":2048,"identify":174,"lx":1554,"ly":974,"originColor":[254,128,147,255],"outRadius":0,"outX":0,"outY":0,"radius":5,"rx":1579,"ry":988,"w":2048,"x":1574,"y":982},{"areaColor":[100,10,30,255],"h":2048,"identify":175,"lx":1673,"ly":645,"originColor":[253,90,142,255],"outRadius":0,"outX":0,"outY":0,"radius":30,"rx":1798,"ry":773,"w":2048,"x":1748,"y":683},{"areaColor":[20,10,30,255],"h":2048,"identify":176,"lx":1719,"ly":605,"originColor":[253,115,144,255],"outRadius":0,"outX":0,"outY":0,"radius":23,"rx":1831,"ry":681,"w":2048,"x":1800,"y":644},{"areaColor":[235,5,30,255],"h":2048,"identify":177,"lx":1733,"ly":577,"originColor":[222,48,72,255],"outRadius":0,"outX":0,"outY":0,"radius":13,"rx":1866,"ry":641,"w":2048,"x":1823,"y":608},{"areaColor":[200,5,30,255],"h":2048,"identify":178,"lx":1733,"ly":517,"originColor":[255,189,198,255],"outRadius":0,"outX":0,"outY":0,"radius":29,"rx":1901,"ry":637,"w":2048,"x":1795,"y":546},{"areaColor":[15,0,30,255],"h":2048,"identify":179,"lx":1679,"ly":6,"originColor":[255,158,189,255],"outRadius":0,"outX":0,"outY":0,"radius":40,"rx":2047,"ry":616,"w":2048,"x":1758,"y":246},{"areaColor":[210,5,30,255],"h":2048,"identify":180,"lx":1870,"ly":530,"originColor":[255,189,198,255],"outRadius":0,"outX":0,"outY":0,"radius":13,"rx":1910,"ry":569,"w":2048,"x":1894,"y":545},{"areaColor":[165,5,30,255],"h":2048,"identify":181,"lx":1798,"ly":493,"originColor":[253,241,238,255],"outRadius":0,"outX":0,"outY":0,"radius":9,"rx":1819,"ry":513,"w":2048,"x":1808,"y":503},{"areaColor":[250,0,30,255],"h":2048,"identify":182,"lx":1867,"ly":234,"originColor":[191,241,247,255],"outRadius":0,"outX":0,"outY":0,"radius":33,"rx":2047,"ry":483,"w":2048,"x":1937,"y":421},{"areaColor":[245,0,30,255],"h":2048,"identify":183,"lx":1870,"ly":363,"originColor":[165,190,227,255],"outRadius":0,"outX":0,"outY":0,"radius":14,"rx":1920,"ry":474,"w":2048,"x":1899,"y":379},{"areaColor":[195,0,30,255],"h":2048,"identify":184,"lx":1927,"ly":285,"originColor":[245,244,247,255],"outRadius":0,"outX":0,"outY":0,"radius":39,"rx":2027,"ry":426,"w":2048,"x":1985,"y":361},{"areaColor":[210,0,30,255],"h":2048,"identify":185,"lx":1892,"ly":288,"originColor":[222,206,233,255],"outRadius":0,"outX":0,"outY":0,"radius":11,"rx":1996,"ry":363,"w":2048,"x":1925,"y":344},{"areaColor":[150,0,30,255],"h":2048,"identify":186,"lx":1943,"ly":238,"originColor":[171,226,246,255],"outRadius":0,"outX":0,"outY":0,"radius":15,"rx":2041,"ry":310,"w":2048,"x":1976,"y":276},{"areaColor":[155,0,30,255],"h":2048,"identify":187,"lx":2009,"ly":238,"originColor":[245,244,247,255],"outRadius":0,"outX":0,"outY":0,"radius":18,"rx":2047,"ry":353,"w":2048,"x":2029,"y":285},{"areaColor":[215,25,30,255],"h":2048,"identify":188,"lx":57,"ly":1477,"originColor":[221,163,207,255],"outRadius":0,"outX":0,"outY":0,"radius":85,"rx":366,"ry":2027,"w":2048,"x":203,"y":1878},{"areaColor":[70,25,30,255],"h":2048,"identify":189,"lx":61,"ly":1482,"originColor":[255,124,169,255],"outRadius":0,"outX":0,"outY":0,"radius":78,"rx":360,"ry":1730,"w":2048,"x":189,"y":1631},{"areaColor":[20,30,30,255],"h":2048,"identify":190,"lx":352,"ly":1805,"originColor":[255,230,194,255],"outRadius":0,"outX":0,"outY":0,"radius":23,"rx":462,"ry":1958,"w":2048,"x":397,"y":1880},{"areaColor":[135,15,30,255],"h":2048,"identify":191,"lx":14,"ly":417,"originColor":[254,175,207,255],"outRadius":0,"outX":0,"outY":0,"radius":30,"rx":544,"ry":1224,"w":2048,"x":201,"y":1011},{"areaColor":[150,20,30,255],"h":2048,"identify":192,"lx":491,"ly":1172,"originColor":[254,175,207,255],"outRadius":0,"outX":0,"outY":0,"radius":12,"rx":542,"ry":1222,"w":2048,"x":511,"y":1202},{"areaColor":[65,5,30,255],"h":2048,"identify":193,"lx":16,"ly":418,"originColor":[254,175,207,255],"outRadius":0,"outX":0,"outY":0,"radius":27,"rx":153,"ry":556,"w":2048,"x":75,"y":494},{"areaColor":[235,10,30,255],"h":2048,"identify":194,"lx":108,"ly":231,"originColor":[255,226,176,255],"outRadius":0,"outX":0,"outY":0,"radius":24,"rx":1893,"ry":1051,"w":2048,"x":150,"y":808},{"areaColor":[250,5,30,255],"h":2048,"identify":195,"lx":199,"ly":595,"originColor":[255,226,176,255],"outRadius":0,"outX":0,"outY":0,"radius":24,"rx":268,"ry":714,"w":2048,"x":235,"y":649},{"areaColor":[195,15,30,255],"h":2048,"identify":196,"lx":1701,"ly":956,"originColor":[254,175,207,255],"outRadius":0,"outX":0,"outY":0,"radius":21,"rx":1762,"ry":1048,"w":2048,"x":1733,"y":997},{"areaColor":[255,10,30,255],"h":2048,"identify":197,"lx":1855,"ly":793,"originColor":[254,175,207,255],"outRadius":0,"outX":0,"outY":0,"radius":12,"rx":1890,"ry":853,"w":2048,"x":1873,"y":817},{"areaColor":[195,5,30,255],"h":2048,"identify":198,"lx":1625,"ly":516,"originColor":[253,174,153,255],"outRadius":0,"outX":0,"outY":0,"radius":15,"rx":1670,"ry":575,"w":2048,"x":1648,"y":544},{"areaColor":[140,0,30,255],"h":2048,"identify":199,"lx":1631,"ly":233,"originColor":[255,226,176,255],"outRadius":0,"outX":0,"outY":0,"radius":23,"rx":1699,"ry":343,"w":2048,"x":1665,"y":286},{"areaColor":[30,0,30,255],"h":2048,"identify":200,"lx":1419,"ly":35,"originColor":[255,226,176,255],"outRadius":0,"outX":0,"outY":0,"radius":43,"rx":2039,"ry":883,"w":2048,"x":1492,"y":139},{"areaColor":[20,15,30,255],"h":2048,"identify":201,"lx":1962,"ly":805,"originColor":[254,175,207,255],"outRadius":0,"outX":0,"outY":0,"radius":17,"rx":2013,"ry":880,"w":2048,"x":1987,"y":837},{"areaColor":[105,10,30,255],"h":2048,"identify":202,"lx":1984,"ly":646,"originColor":[254,175,207,255],"outRadius":0,"outX":0,"outY":0,"radius":17,"rx":2037,"ry":715,"w":2048,"x":2014,"y":676},{"areaColor":[215,5,30,255],"h":2048,"identify":203,"lx":0,"ly":0,"originColor":[252,255,253,255],"outRadius":0,"outX":0,"outY":0,"radius":175,"rx":2047,"ry":2047,"w":2048,"x":1872,"y":1169},{"areaColor":[10,0,30,255],"h":2048,"identify":204,"lx":1174,"ly":0,"originColor":[254,254,254,255],"outRadius":0,"outX":0,"outY":0,"radius":100,"rx":2047,"ry":1072,"w":2048,"x":1661,"y":100},{"areaColor":[150,5,30,255],"h":2048,"identify":205,"lx":1470,"ly":485,"originColor":[252,253,252,255],"outRadius":0,"outX":0,"outY":0,"radius":51,"rx":1607,"ry":772,"w":2048,"x":1548,"y":636},{"areaColor":[245,10,30,255],"h":2048,"identify":206,"lx":1485,"ly":767,"originColor":[253,251,248,255],"outRadius":0,"outX":0,"outY":0,"radius":17,"rx":1532,"ry":843,"w":2048,"x":1511,"y":818},{"areaColor":[145,15,30,255],"h":2048,"identify":207,"lx":1398,"ly":933,"originColor":[253,253,254,255],"outRadius":0,"outX":0,"outY":0,"radius":13,"rx":1478,"ry":1010,"w":2048,"x":1458,"y":982},{"areaColor":[70,0,30,255],"h":2048,"identify":208,"lx":1803,"ly":150,"originColor":[252,255,253,255],"outRadius":0,"outX":0,"outY":0,"radius":54,"rx":2047,"ry":339,"w":2048,"x":1857,"y":273},{"areaColor":[105,5,30,255],"h":2048,"identify":209,"lx":1935,"ly":449,"originColor":[252,253,252,255],"outRadius":0,"outX":0,"outY":0,"radius":10,"rx":2025,"ry":505,"w":2048,"x":2000,"y":478},{"areaColor":[205,5,30,255],"h":2048,"identify":210,"lx":1929,"ly":528,"originColor":[253,253,254,255],"outRadius":0,"outX":0,"outY":0,"radius":21,"rx":1979,"ry":573,"w":2048,"x":1953,"y":549},{"areaColor":[255,0,30,255],"h":2048,"identify":211,"lx":1819,"ly":370,"originColor":[254,252,253,255],"outRadius":0,"outX":0,"outY":0,"radius":17,"rx":1857,"ry":461,"w":2048,"x":1836,"y":414},{"areaColor":[25,0,30,255],"h":2048,"identify":212,"lx":1977,"ly":36,"originColor":[254,254,254,255],"outRadius":0,"outX":0,"outY":0,"radius":15,"rx":2047,"ry":80,"w":2048,"x":2031,"y":63},{"areaColor":[5,0,30,255],"h":2048,"identify":213,"lx":0,"ly":0,"originColor":[254,254,254,255],"outRadius":0,"outX":0,"outY":0,"radius":255,"rx":2047,"ry":2047,"w":2048,"x":308,"y":255},{"areaColor":[240,5,30,255],"h":2048,"identify":214,"lx":388,"ly":581,"originColor":[254,254,254,255],"outRadius":0,"outX":0,"outY":0,"radius":31,"rx":501,"ry":698,"w":2048,"x":433,"y":652},{"areaColor":[60,30,30,255],"h":2048,"identify":215,"lx":452,"ly":1845,"originColor":[252,201,192,255],"outRadius":0,"outX":0,"outY":0,"radius":2,"rx":471,"ry":1854,"w":2048,"x":454,"y":1847},{"areaColor":[45,30,30,255],"h":2048,"identify":216,"lx":414,"ly":1833,"originColor":[123,29,40,255],"outRadius":0,"outX":0,"outY":0,"radius":1,"rx":416,"ry":1838,"w":2048,"x":415,"y":1836}]